COD;DESRIPCION CATEGORIAS DE TRES CARACTERES
A00;COLERA
A01;FIEBRE TIFOIDEA Y PARATIFOIDEA
A02;OTRAS INFECCIONES DEBIDAS A SALMONELLA
A03;SHIGELOSIS
A04;OTRAS INFECCIONES INTESTINALES BACTERIANAS
A05;OTRAS INTOXICACIONES INTESTINALES BACTERIANAS
A06;AMEBIASIS
A07;OTRAS ENFERMEDADES INTESTINALES DEBIDAS A
A08;INFECCIONES INTESTINALES DEBIDAS A VIRUS Y
A09;DIARREA Y GASTROENTERITIS DE PRESUNTO ORIGEN
A15;TUBERCULOSIS RESPIRATORIA, CONFIRMADA, BACTERIOLOGICA E HISTOLOGICAMENTE
A16;TUBERCULOSIS RESPIRATORIA, NO CONFIRMADA, BACTERIOLOGICA E HISTOLOGICAMENTE
A17;TUBERCULOSIS DEL SISTEMA NERVIOSO
A18;TUBERCULOSIS DE OTROS ORGANOS
A19;TUBERCULOSIS MILIAR
A20;PESTE
A21;TULAREMIA
A22;CARBUNCO [ ANTRAX ]
A23;BRUCELOSIS
A24;MUERMO Y MELIOIDOSIS
A25;FIEBRE POR MORDEDURA DE RATA
A26;ERISIPELOIDE
A27;LEPTOSPIROSIS
A28;OTRAS ENFERMEDADES ZOONOTICAS BACTERIANAS
A30;LEPRA [ ENFERMEDAD DE HANSEN ]
A31;INFECCIONES DEBIDAS A OTRAS MICOBACTERIAS
A32;LISTERIOSIS
A33;TETANOS NEONATAL
A34;TETANOS OBSTETRICO
A35;OTROS TETANOS
A36;DIFTERIA
A37;TOS FERINA [ TOS CONVULSIVA ]
A38;ESCARLATINA
A39;INFECCION MENINGOCOCICA
A40;SEPTICEMIA ESTREPTOCOCICA
A41;OTRAS SEPTICEMIAS
A42;ACTINOMICOSIS
A43;NOCARDIOSIS
A44;BARTONELOSIS
A46;ERISIPELA
A48;OTRAS ENFERMEDADES BACTERIANAS NO
A49;INFECCION BACTERIANA DE SITIO NO ESPECIFICADO
A50;SIFILIS CONGENITA
A51;SIFILIS PRECOZ
A52;SIFILIS TARDIA
A53;OTRAS SIFILIS Y LAS NO ESPECIFICADAS
A54;INFECCION GONOCOCICA
A55;LINFOGRANULOMA (VENEREO) POR CLAMIDIAS
A56;OTRAS ENFERMEDADES DE TRANSMISION SEXUAL
A57;CHANCRO BLANDO
A58;GRANULOMA INGUINAL
A59;TRICOMONIASIS
A60;INFECION ANOGENITAL DEBIDA A VIRUS DEL HERPES [, HERPES SIMPLE ]
A63;OTRAS ENFERMEDADES DE TRANSMISION
A64;ENFERMEDAD DE TRANSMISION SEXUAL NO, ESPECIFICADA (ITS)
A65;SIFILIS NO VENEREA
A66;FRAMBESIA
A67;PINTA [ CARATE ]
A68;FIEBRES RECURRENTES
A69;OTRAS INFECCIONES CAUSADAS POR ESPIROQUETAS
A70;INFECCION DEBIDA A CLAMYDIA PSITTACI
A71;TRACOMA
A74;OTRAS ENFERMEDADES CAUSADAS POR CLAMIDIAS
A75;TIFUS
A77;FIEBRE MACULOSA [RICKETTSIOSIS TRANSMITIDA POR
A78;FIEBRE Q
A79;OTRAS RICKETTSIOSIS
A80;POLIOMIELITIS AGUDA
A81;INFECCIONES DEL SISTEMA NERVIOSO CENTRAL POR
A82;RABIA
A83;ENCEFALITIS VIRAL TRANSMITIDA POR MOSQUITOS
A84;ENCEFALITIS VIRAL TRANSMITIDA POR GARRAPATAS
A85;OTRAS ENCEFALITIS VIRALES, NO CLASIFICADAS EN, OTRA PARTE
A86;ENCEFALITIS VIRAL
A87;MENINGITIS VIRAL
A88;OTRAS INFECCIONES VIRALES DEL SISTEMA NERVIOSO
A89;INFECCION VIRAL DEL SISTEMA NERVIOSO CENTRAL
A90;FIEBRE DEL DENGUE [ DENGUE CLASICO ]
A91;FIEBRE DEL DENGUE HEMORRAGICO
A92;OTRAS FIEBRES VIRALES TRANSMITIDAS POR, MOSQUITOS
A93;OTRAS FIEBR VIRALES TRANSMITIDAS POR
A94;FIEBRE VIRAL TRANSMITIDA POR ARTROPODOS
A95;FIEBRE AMARILLA
A96;FIEBRE HEMORRAGICA POR ARENAVIRUS
A98;OTRAS FIEBRES VIRALES HEMORRAGICAS, NO
A99;FIEBRE VIRAL HEMORRAGICA
B00;INFECCIONES HERPETICAS [ HERPES SIMPLE ]
B01;VARICELA
B02;HERPES ZOSTER
B03;VIRUELA
B04;VIRUELA DE LOS MONOS
B05;SARAMPION
B06;RUBEOLA [ SARAMPION ALEMAN ]
B07;VERRUGAS VIRICAS
B08;OTRAS INFECCIONES VIRICAS CARACTERIZADAS POR
B09;INFECCION VIRAL NO ESPECIFICADA
B15;HEPATITIS AGUDA TIPO A
B16;HEPATITIS AGUDA TIPO B
B17;OTRAS HEPATITIS VIRALES AGUDAS
B18;HEPATITIS VIRAL CRONICA
B19;HEPATITIS VIRAL SIN OTRA ESPECIFICACION
B20;ENFERMEDAD POR VIRUS DE LA INMUNODEFICIENCIA
B21;ENFERMEDAD POR VIRUS DE LA INMUNODEFICIENCIA
B22;ENFERMEDAD POR VIRUS DE LA INMUNODEFICIENCIA
B23;ENFERMEDAD POR VIRUS DE LA INMUNODEFICIENCIA
B24;ENFERMEDAD POR VIRUS DE LA INMUNODEFICIENCIA, HUMANA
B25;ENFERMEDADES DEBIDAS A VIRUS CITOMEGALICO
B26;PAROTIDITIS INFECCIOSA
B27;MONONUCLEOSIS INFECCIOSA
B30;CONJUNTIVITIS VIRAL
B33;OTRAS ENFERMEDADES VIRALES, NO CLASIFICADAS EN
B34;INFECCION VIRAL DE SITIO NO ESPECIFICADO
B35;DERMATOFITOSIS
B36;OTRAS MICOSIS SUPERFICIALES
B37;CANDIDIASIS
B38;COCCIDIOIDOMICOSIS
B39;HISTOPLASMOSIS
B40;BLASTOMICOSIS
B41;PARACOCCIDIOIDOMICOSIS
B42;ESPOROTRICOSIS
B43;CROMOMICOSIS Y ABSCESO FEOMICOTICO
B44;ASPERGILOSIS
B45;CRIPTOCOCOSIS
B46;CIGOMICOSIS
B47;MICETOMA
B48;OTRAS MICOSIS, NO CLASIFICADAS EN OTRA PARTE
B49;MICOSIS, NO ESPECIFICADA
B50;PALUDISMO [ MALARIA ] DEBIDO A PLASMODIUM, FALCIPARUM
B51;PALUDISMO [ MALARIA ] DEBIDO A PLASMODIUM VIVAX
B52;PALUDISMO [ MALARIA ] DEBIDO A PLASMODIUM, MALARIAE
B53;OTRO PALUDISMO [ MALARIA ] CONFIRMADO
B54;PALUDISMO [ MALARIA ] NO ESPECIFICADO
B55;LEISHMANIASIS
B56;TRIPANOSOMIASIS AFRICANA
B57;ENFERMEDAD DE CHAGAS
B58;TOXOPLASMOSIS
B59;NEUMOCISTOSIS
B60;OTRAS ENFERMEDADES DEBIDAS A PROTOZOARIOS,
B64;ENFERMEDADES DEBIDAS A PROTOZOARIO NO, ESPECIFICOS
B65;ESQUISTOSOMIASIS [ BILHARZIASIS ]
B66;OTRAS INFECCIONES DEBIDAS A TREMATODOS
B67;EQUINOCOCOSIS
B68;TENIASIS
B69;CISTICERCOSIS
B70;DIFILOBOTRIASIS Y ESPARGANOSIS
B71;OTRAS INFECCIONES DEBIDAS A CESTODOS
B72;DRACONTIASIS
B73;ONCOCERCOSIS
B74;FILARIASIS
B75;TRIQUINOSIS
B76;ANQUILOSTOMIASIS Y NECATORIASIS
B77;ASCARIASIS
B78;ESTRONGILOIDIASIS
B79;TRICURIASIS
B80;ENTEROBIASIS
B81;OTRAS HELMINTIASIS INTESTINALES, NO CLASIFICADAS
B82;PARASITOSIS INTESTINAL, SIN OTRA ESPECIFICACION
B83;OTRAS HELMINTIASIS
B85;PEDICULOSIS Y PHTHIRIASIS
B86;ESCABIOSIS
B87;MIASIS
B88;OTRAS INFESTACIONES
B89;ENFERMEDAD PARASITARIA
B90;SECUELAS DE TUBERCULOSIS
B91;SECUELAS DE POLIOMIELITIS
B92;SECUELAS DE LEPRA
B94;SECUELAS DE OTRAS ENFERMEDADES INFECCIOSAS Y
B95;ESTREPTOCOCOS Y ESTAFILOCOCOS COMO CAUSAS DE ENFERMEDADES CLASIFICADAS EN OTROS
B96;OTROS AGENTES BACTERIANOS COMO CAUSAS DE, ENFERMEDADES CLASIFICADAS EN OTROS CAPITULOS
B97;AGENTES VIRALES COMO CAUSAS DE ENFERMEDADES CLASIFICADAS EN OTROS CAPITULOS
B99;OTRAS ENFERMEDADES INFECCIOSAS Y LAS NO, ESPECIFICADAS
C00;CANCER DEL LABIO
C01;CANCER DE LA BASE DE LA LENGUA
C02;CANCER DE OTRAS PARTES Y DE LAS NO
C03;CANCER DE LA ENCIA
C04;CANCER DEL PISO DE LA BOCA
C05;CANCER DEL PALADAR
C06;CANCER DE OTRAS PARTES Y DE LAS NO
C07;CANCER DE LA GLANDULA PAROTIDA
C08;CANCER DE OTRAS GLANDULAS SALIVALES MAYORES Y
C09;CANCER DE LA AMIGDALA
C10;CANCER DE LA OROFARINGE
C11;CANCER DE LA NASOFARINGE
C12;CANCER DEL SENO PIRIFORME
C13;CANCER DE LA HIPOFARINGE
C14;CANCER DE OTROS SITIOS Y DE LOS MAL DEFINIDOS
C15;CANCER DEL ESOFAGO
C16;CANCER DEL ESTOMAGO
C17;CANCER DEL INTESTINO DELGADO
C18;CANCER DEL COLON
C19;CANCER DE LA UNION RECTOSIGMOIDEA
C20;CANCER DEL RECTO
C21;CANCER DEL ANO Y DEL CONDUCTO ANAL
C22;CANCER DEL HIGADO Y DE LAS VIAS BILIARES, INTRAHEPATICAS
C23;CANCER DE LA VESICULA BILIAR
C24;CANCER DE OTRAS PARTES Y DE LAS NO
C25;CANCER DEL PANCREAS
C26;CANCER DE OTROS SITIOS Y DE LOS MAL DEFINIDOS DE
C30;CANCER DE LAS FOSAS NASALES Y DEL OIDO MEDIO
C31;CANCER DE LOS SENOS PARANASALES
C32;CANCER DE LA LARINGE
C33;CANCER DE LA TRAQUEA
C34;CANCER DE LOS BRONQUIOS Y DEL PULMON
C37;CANCER DEL TIMO
C38;CANCER DEL CORAZON, DEL MEDIASTINO Y DE LA, PLEURA
C39;CANCER DE OTROS SITIOS Y DE LOS MAL DEFINIDOS
C40;CANCER DE LOS HUESOS Y DE LOS CARTILAGOS
C41;CANCER DE LOS HUESOS Y DE LOS CARTILAGOS
C43;MELANOMA MALIGNO DE LA PIEL
C44;OTROS TUMORES MALIGNO DE LA PIEL
C45;MESOTELIOMA
C46;SARCOMA DE KAPOSI
C47;CANCER DE LOS NERVIOS PERIFERICOS Y DEL SISTEMA
C48;CANCER DEL PERITONEO Y RETROPERITONEO
C49;CANCER OTROS TEJIDOS CONJUNTIVOS Y DE TEJIDOS, BLANDOS
C50;CANCER DE LA MAMA
C51;CANCER DE LA VULVA
C52;CANCER DE LA VAGINA
C53;CANCER DEL CUELLO DEL UTERO
C54;CANCER DEL CUERPO DEL UTERO
C55;CANCER DEL UTERO
C56;CANCER DEL OVARIO
C57;CANCER DE OTROS ORGANOS GENITALES FEMENINOS
C58;CANCER DE LA PLACENTA
C60;CANCER DEL PENE
C61;CANCER DE LA PROSTATA
C62;CANCER DEL TESTICULO
C63;CANCER DE OTROS ORGANOS GENITALES
C64;CANCER DEL RIÑON
C65;CANCER DE LA PELVIS RENAL
C66;CANCER DEL URETER
C67;CANCER DE LA VEJIGA URINARIA
C68;CANCER OTROS ORGANOS URINARIOS Y DE LOS NO
C69;CANCER DEL OJO Y SUS ANEXOS
C70;CANCER DE LAS MENINGES
C71;CANCER DEL ENCEFALO
C72;CANCER DE LA MEDULA ESPINAL, DE LOS NERVIOS
C73;CANCER DE LA GLANDULA TIROIDES
C74;CANCER DE LA GLANDULA SUPRARRENAL
C75;CANCER DE OTRAS GLANDULAS ENDOCRINAS Y DE
C76;CANCER DE OTROS SITIOS Y DE SITIOS MAL DEFINIDOS
C77;TUMOR MALIGNO Y EL NO ESPECIFICADO DE LOS
C78;METASTASIS DE LOS ORGANOS RESPIRATORIOS Y, DIGESTIVOS
C79;METASTASIS DE OTROS SITIOS
C80;CANCER DE SITIOS NO ESPECIFICADOS
C81;ENFERMEDAD DE HODGKIN
C82;LINFOMA NO HODGKIN FOLICULAR [ NODULAR ]
C83;LINFOMA NO HODGKIN DIFUSO
C84;LINFOMA CELULAS T, PERIFERICO Y CUTANEO
C85;LINFOMA NO HODGKIN DE OTRO TIPO Y EL NO, ESPECIFICADO
C88;ENFERMEDADES INMUNOPROLIFERATIVAS MALIGNAS
C90;MIELOMA MULTIPLES Y TUMORES MALIGNOS DE
C91;LEUCEMIA LINFOIDE
C92;LEUCEMIA MIELOIDE
C93;LEUCEMIA MONOCITICA
C94;OTRAS LEUCEMIAS DE TIPO CELULAR ESPECIFICADO
C95;LEUCEMIA DE CELULAS DE TIPO NO ESPECIFICADO
C96;OTROS TUMORES MALIGNOS Y LOS NO ESPECIFICADOS
C97;CANCER PRIMARIOS DE SITIOS MULTIPLES, INDEPENDIENTES
D00;CARCINOMA IN SITU DE LA CAVIDAD BUCAL, DEL
D01;CARCINOMA IN SITU DE OTROS ORGANOS DIGESTIVOS
D02;CARCINOMA IN SITU DEL SISTEMA RESPIRATORIO Y DEL, OIDO MEDIO
D03;MELANOMA IN SITU
D04;CARCINOMA IN SITU DE LA PIEL
D05;CARCINOMA IN SITU DE LA MAMA
D06;CARCINOMA IN SITU DEL CUELLO DEL UTERO
D07;CARCINOMA IN SITU DE OTROS ORGANOS GENITALES Y
D09;CARCINOMA IN SITU DE OTROS SITIOS Y DE LOS NO
D10;TUMOR BENIGNO DE LA BOCA Y DE LA FARINGE
D11;TUMOR BENIGNO DE LAS GLANDULAS SALIVARES, MAYORES
D12;TUMOR BENIGNO DEL COLON, DEL RECTO, DEL
D13;TUMOR BENIGNO DE OTRAS PARTES Y DE LAS MAL
D14;TUMOR BENIGNO DEL OIDO MEDIO Y DEL SISTEMA, RESPIRATORIO
D15;TUMOR BENIGNO DE OTROS ORGANOS
D16;TUMOR BENIGNO DEL HUESO Y DEL CARTILAGO, ARTICULAR
D17;TUMORES BENIGNOS LIPOMATOSOS
D18;HEMANGIOMA Y LINFANGIOMA DE CUALQUIER SITIO
D19;TUMOR BENIGNO DEL TEJIDO MESOTELIAL
D20;TUMOR BENIGNO DEL TEJIDO BLANDO DEL PERITONEO
D21;OTROS TUMORES BENIGNOS DEL TEJIDO CONJUNTIVO, Y TEJIDO BLANDO
D22;NEVO MELANOCITICO (NEVUS MELANOCITICO)
D23;OTROS TUMORES BENIGNOS DE LA PIEL, (ACROCORDONES)
D24;TUMOR BENIGNO DE LA MAMA
D25;LEIOMIOMA DEL UTERO
D26;OTROS TUMORES BENIGNOS DEL UTERO
D27;TUMOR BENIGNO DEL OVARIO
D28;TUMOR BENIGNO DE OTROS ORGANOS GENITALES
D29;TUMOR BENIGNO DE LOS ORGANOS GENITALES, MASCULINOS
D30;TUMOR BENIGNO DE LOS ORGANOS URINARIOS
D31;TUMOR BENIGNO DEL OJO Y SUS ANEXOS
D32;TUMOR BENIGNO DE LAS MENINGES
D33;TUMOR BENIGNO DEL ENCEFALO Y DE OTRAS PARTES
D34;TUMOR BENIGNO DE LA GLANDULA TIROIDES
D35;TUMOR BENIGNO DE OTRAS GLANDULAS ENDOCRINAS
D36;TUMOR BENIGNO DE OTROS SITIOS Y DE LOS NO, ESPECIFICADOS
D37;TUMOR DE COMPORTAMIENTO INCIERTO DE LA, CAVIDAD BUCAL Y DE LOS ORGANOS DIGESTIVOS
D38;TUMOR DE COMPORTAMIENTO INCIERTO DEL OIDO
D39;TUMOR DE COMPORTAMIENTO INCIERTO DE LOS
D40;TUMOR DE COMPORTAMIENTO INCIERTO DE LOS
D41;TUMOR DE COMPORTAMIENTO INCIERTO DE LOS
D42;TUMOR DE COMPORTAMIENTO INCIERTO DE LAS, MENINGES
D43;TUMOR DE COMPORTAMIENTO INCIERTO DEL, ENCEFALO Y DEL SISTEMA NERVIOSO CENTRAL
D44;TUMOR DE COMPORTAMIENTO INCIERTO DE LAS, GLANDULAS ENDOCRINAS
D45;POLICITEMIA VERA
D46;SINDROMES MIELODISPLASICOS
D47;OTROS TUMORES DE COMPORTAMIENTO INCIERTO O, DESCONOCIDO DEL TEJIDO LINFATICO, DE LOS
D48;TUMOR DE COMPORTAMIENTO INCIERTO O
D50;ANEMIAS POR DEFICIENCIA DE HIERRO
D51;ANEMIA POR DEFICIENCIA DE VITAMINA B12
D52;ANEMIA POR DEFICIENCIA DE FOLATOS
D53;OTRAS ANEMIAS NUTRICIONALES
D55;ANEMIA DEBIDA A TRASTORNOS ENZIMATICOS
D56;TALASEMIA
D57;TRASTORNOS FALCIFORMES
D58;OTRAS ANEMIAS HEMOLITICAS HEREDITARIAS
D59;ANEMIA HEMOLITICA ADQUIRIDA
D60;APLASIA ADQUIRIDA, EXCLUSIVA DE LA SERIE ROJA [
D61;OTRAS ANEMIAS APLASTICAS
D62;ANEMIA POSTHEMORRAGICA AGUDA
D63;ANEMIA EN EFERMEDADES CRONICAS CLASIFICADAS
D64;OTRAS ANEMIAS
D65;COAGULACION INTRAVASCULAR DISEMINADA
D66;DEFICIENCIA HEREDITARIA DEL FACTOR VIII
D67;DEFICIENCIA HEREDITARIA DEL FACTOR IX
D68;OTROS DEFECTOS DE LA COAGULACION
D69;PURPURA Y OTRAS AFECCIONES HEMORRAGICAS
D70;AGRANULOCITOSIS
D71;TRASTORNOS FUNCIONALES POLIMORFONUCLEARES
D72;OTROS TRASTORNOS DE LOS LEUCOCITOS
D73;ENFERMEDADES DEL BAZO
D74;METAHEMOGLOBINEMIA
D75;OTRAS ENFERMEDADES DE LA SANGRE Y DE LOS
D76;CIERTAS ENFERMEDADES INVOLUCRANDO TEJIDOS
D77;OTROS TRASTORNOS DE LA SANGRE Y DE LOS, ORGANOS HEMATOPOYETICOS
D80;INMUNODEFICIENCIA CON PREDOMINIO DE DEFECTOS
D81;INMUNODEFICIENCIAS COMBINADAS
D82;INMUNODEFICIENCIAS ASOCIADAS A OTROS DEFECTOS, MAYORES
D83;INMUNODEFICIENCIA VARIABLE COMUN
D84;OTRAS INMUNODEFICIENCIAS
D86;SARCOIDOSIS
D89;OTROS TRASTORNOS QUE AFECTANAN EL MECANISMO
E00;SINDROME CONGENITO DE DEFICIENCIA DE YODO
E01;TRASTORNOS TIROIDEOS VINCULADOS A DEFICIENCIA
E02;HIPOTIROIDISMO SUBCLINICO POR DEFICIENCIA YODO
E03;OTROS HIPOTIROIDISMOS
E04;OTROS BOCIOS NO TOXICOS
E05;TIROTOXICOSIS [ HIPERTIROIDISMO ]
E06;TIROIDITIS
E07;OTROS TRASTORNOS TIROIDEOS
E10;DIABETES MELLITUS INSULINODEPENDIENTE (DM TIPO I)
E11;DIABETES MELLITUS NO INSULINODEPENDIENTE (DM, TIPO II)
E12;DIABETES MELLITUS ASOCIADOS CON DESNUTRICION
E13;OTRAS DIABETES MELLITUS ESPECIFICADAS
E14;DIABETES MELLITUS NO ESPECIFICADA
E15;COMA HIPOGLICEMICO
E16;OTROS TRASTORNOS DE LA SECRECION INTERNA DEL, PANCREAS
E20;HIPOPARATIROIDISMO
E21;HIPERPARATIROIDISMO Y OTROS TRASTORNOS DE LA
E22;HIPERFUNCION DE LA GLANDULA HIPOFISIS
E23;HIPOFUNCION Y OTROS TRASTORNOS DE LA GLANDULA, HIPOFISIS
E24;SINDROME DE CUSHING
E25;TRASTORNOS ADRENOGENITALES
E26;HIPERALDOSTERONISMO
E27;OTROS TRASTORNOS DE LA GLANDULA SUPRARRENAL
E28;DISFUNCION OVARICA
E29;DISFUNCION TESTICULAR
E30;TRASTORNOS DE LA PUBERTAD NO CLASIFICADAS EN
E31;DISFUNCION POLIGLANDULAR
E32;ENFERMEDADES DEL TIMO
E34;OTROS TRASTORNOS ENDOCRINOS
E35;TRASTORNOS ENDOCRINOS EN ENFERMEDADES, CLASIFICADOS EN OTRA PARTE
E40;KWASHIORKOR
E41;MARASMO NUTRICIONAL
E42;KWASHIORKOR MARASMATICO
E43;DESNUTRICION PROTCALORICA SEVERA NO, ESPECIFICADA
E44;DESNUTRICION PROTCALORICA DE GRADO MODERADO, Y LEVE
E45;RETARDO DEL DESARROLLO
E46;DESNUTRICION PROTEICALORICA NO ESPECIFICADA
E50;DEFICIENCIA DE VITAMINA A
E51;DEFICIENCIA DE TIAMINA
E52;DEFICIENCIA DE NIACINA
E53;DEFICIENCIA DE OTRAS VITAMINAS DEL GRUPO B
E54;DEFICIENCIA DE ACIDO ASCORBICO
E55;DEFICIENCIA DE VITAMINA D
E56;OTRAS DEFICIENCIAS DE VITAMINAS
E58;DEFICIENCIA DIETETICA DE CALCIO
E59;DEFICIENCIA DIETETICA DE SELENIO
E60;DEFICIENCIA DIETETICA DE ZINC
E61;DEFICIENCIA DE OTROS ELEMENTOS NUTRICIONALES
E63;OTRAS DEFICIENCIAS NUTRICIONALES
E64;SECUELAS DE LA DESNUTRICION Y OTRAS
E65;ADIPOSIDAD LOCALIZADA
E66;OBESIDAD
E67;OTROS TIPOS DE HIPERALIMENTACION
E68;SECUELAS DE HIPERALIMENTACION
E70;TRASTORNOS DEL METABOLISMO DE LOS
E71;TRASTORNOS DEL METABOLISMO DE LOS
E72;OTROS TRASTORNOS DEL METABOLISMO DE LOS, AMINOACIDOS
E73;INTOLERANCIA A LA LACTOSA
E74;OTROS TRASTORNOS DEL METABOLISMO DE LOS
E75;TRASTORNOS DEL METABOLISMO DE LOS
E76;TRASTORNOS DEL METABOLISMO DE LOS
E77;TRASTORNOS DEL METABOLISMO DE LAS GLUCOPROTEINAS
E78;TRASTORNOSDEL METABOLISMO DE LAS
E79;TRASTORNOS DEL METABOLISMO DE LAS PURINAS Y, DE LAS PIRIMIDINAS
E80;TRASTORNOS DEL METABOLISMO DE LAS PORFIRINAS
E83;TRASTORNOS DEL METABOLISMO DE LOS MINERALES
E84;FIBROSIS QUISTICA
E85;AMILOIDOSIS
E86;DEPLECION DEL VOLUMEN
E87;OTROS TRASTORNOS DE LOS LIQUIDOS, DE LOS
E88;OTROS TRASTORNOS METABOLICOS
E89;TRASTORNOS ENDOCRINOS METABOLICOS
E90;TRASTORNOS NUTRICIONALES Y METABOLICOS
F00;DEMENCIA EN LA ENFERMEDAD DE ALZHEIMER
F01;DEMENCIA VASCULAR
F02;DEMENCIA EN OTRAS ENFERMEDADES CLASIFICADAS
F03;DEMENCIA
F04;SINDROME AMNESICO ORGANICO
F05;DELIRIO, NO INDUCIDO POR EL ALCOHOL O POR OTRAS
F06;OTROS TRASTORNOS MENTALES DEBIDOS A LESION Y
F07;TRASTORNOS DE LA PERSONALIDAD Y DEL
F09;TRASTORNO MENTAL ORGANICO O SINTOMATICO
F10;TRASTORNOS MENTALES Y DEL COMPORTAMIENTO, DEBIDOS AL USO DEL ALCOHOL
F11;TRASTORNOS MENTALES Y DEL COMPORTAMIENTO, DEBIDOS AL USO DE OPIACEOS
F12;TRASTORNOS MENTALES Y DEL COMPORTAMIENTO, DEBIDOS AL USO DE CANNABINOIDES
F13;TRASTORNOS MENTALES Y DEL COMPORTAMIENTO DEBIDOS AL USO DE SEDANTES O HIPNOTICOS
F14;TRASTORNOS MENTALES Y DEL COMPORTAMIENTO DEBIDOS AL USO DE COCAINA
F15;TRASTORNOS MENTALES Y DEL COMPORTAMIENTO, DEBIDOS AL USO DE OTROS ESTIMULANTES
F16;TRASTORNOS MENTALES Y DEL COMPORTAMIENTO, DEBIDOS AL USO DE ALUCINOGENOS
F17;TRASTORNOS MENTALES Y DEL COMPORTAMIENTO DEBIDOS AL USO DEL TABACO
F18;TRASTORNOS MENTALES Y DEL COMPORTAMIENTO, DEBIDOS AL USO DE DISOLVENTES VOLATILES
F19;TRASTORNOS MENTALES Y DEL COMPORTAMIENTO DEBIDOS AL USO DE MULTIPLES DROGAS Y AL USO DE OTRAS SUSTANCIAS PSICOACTIVAS
F20;ESQUIZOFRENIA
F21;TRASTORNO ESQUIZOTIPICO
F22;TRASTORNOS DELIRANTES PERSISTENTES
F23;TRASTORNOS PSICOTICOS AGUDOS Y TRANSITORIOS
F24;TRASTORNO DELIRANTE INDUCIDO
F25;TRASTORNOS ESQUIZOAFECTANIVOS
F28;OTROS TRASTORNOS PSICOTICOS DE ORIGEN NO ORGANICO
F29;PSICOSIS DE ORIGEN NO ORGANICO, NO ESPECIFICADA
F30;EPISODIO MANIACO
F31;TRASTORNO AFECTANIVO BIPOLAR
F32;EPISODIO DEPRESIVO
F33;TRASTORNO DEPRESIVO RECURRENTE
F34;TRASTORNOS DEL HUMOR [ AFECTIVOS ], PERSISTENTES
F38;OTROS TRASTORNOS DEL HUMOR [ AFECTIVOS ]
F39;TRASTORNO DEL HUMOR [ AFECTIVOS ]
F40;TRASTORNOS FOBICOS DE ANSIEDAD
F41;OTROS TRASTORNOS DE ANSIEDAD
F42;TRASTORNO OBSESIVO-COMPULSIVO
F43;REACCION AL ESTRES GRAVE Y TRASTORNOS DE, ADAPTACION
F44;TRASTORNOS DISOCIATIVOS [ DE CONVERSION ]
F45;TRASTORNOS SOMATOMORFOS
F48;OTROS TRASTORNOS NEUROTICOS
F50;TRASTORNOS DE LA INGESTION DE ALIMENTOS
F51;TRASTORNOS NO ORGANICOS DEL SUENO
F52;DISFUNCION SEXUAL NO OCASIONADA POR
F53;TRASTORNOS MENTALES Y DEL COMPORTAMIENTO
F54;FACTORES PSICOLOGICOS Y DEL COMPORTAMIENTO
F55;ABUSO DE SUSTANCIAS QUE NO PRODUCEN, DEPENDENCIA
F59;SINDROME DEL COMPORTAMIENTO
F60;TRASTORNOS ESPECIFICOS DE LA PERSONALIDAD
F61;TRASTORNOS MIXTOS Y OTROS DE LA PERSONALIDAD
F62;CAMBIOS PERDURABLES DE LA PERSONALID NO ATRIBUIBLES A LESION O A ENFERMEDAD CEREBRAL
F63;TRASTORNOS DE LOS HABITOS Y DE LOS IMPULSOS
F64;TRASTORNOS DE LA IDENTIDAD DE GENERO
F65;TRASTORNOS DE LA PREFERENCIA SEXUAL
F66;TRASTORNOS PSICOLOGICOS Y DEL
F68;OTROS TRASTORNOS DE LA PERSONALID Y DEL
F69;TRASTORNOS DE LA PERSONALIDAD Y DEL, COMPORTAMIENTO EN ADULTOS
F70;RETRASO MENTAL LEVE
F71;RETRASO MENTAL MODERADO
F72;RETRASO MENTAL GRAVE
F73;RETRASO MENTAL PROFUNDO
F78;OTROS TIPOS DE RETRASO MENTAL
F79;RETRASO MENTAL NO ESPECIFICADO
F80;TRASTORNOS ESPECIFICOS DEL DESARROLLO DEL
F81;TRASTORNOS ESPECIFICOS DEL DESARROLLO DE LAS
F82;TRASTORNOS ESPECIFICOS DEL DESARROLLO DE LA, FUNCION MOTRIZ
F83;TRASTORNOS ESPECIFICOS MIXTOS DESARROLLO
F84;TRASTORNOS GENERALIZADOS DEL DESARROLLO
F88;OTROS TRASTORNOS DEL DESARROLLO PSICOLOGICO
F89;TRASTORNOS DEL DESARROLLO PSICOLOGICO
F90;TRASTORNOS HIPERCINETICOS
F91;TRASTORNOS DE LA CONDUCTA
F92;TRASTORNOS MIXTOS DE LA CONDUCTA Y DE LAS, EMOCIONES
F93;TRASTORNOS EMOCIONALES COMIENZO ESPECIFICO, EN LA NINEZ
F94;TRASTORNOS DEL COMPORT SOCIAL DE COMIENZO
F95;TRASTORNOS POR TICS
F98;OTROS TRASTORNOS EMOCIONALES Y DEL
F99;TRASTORNO MENTAL
G00;MENINGITIS BACTERIANA NO CLASIFICADA EN OTRA, PARTE
G01;MENINGITIS EN ENFERMEDADES BACTERIANAS
G02;MENINGITIS EN OTRAS ENFERMEDADES INFECCIOSAS
G03;MENINGITIS DEBIDA A OTRAS CAUSAS Y A LAS NO
G04;ENCEFALITIS MIELITIS Y ENCEFALOMIELITIS
G05;ENCEFALITIS MIELITIS Y ENCEFALOMIELITIS EN, ENFERMEDADES CLASIFICADAS EN OTRA PARTE
G06;ABSCESO Y GRANULOMA INTRACRANEAL E, INTRARRAQUIDEO
G07;ABSCESO Y GRANULOMA INTRACRANEAL E, INTRARRAQUIDEO
G08;FLEBITIS Y TROMBOFLEBITIS INTRACRANEAL E, INTRARRAQUIDEA
G09;SECUELAS DE ENFERMEDADES INFLAMATORIAS DEL, SISTEMA NERVIOSO CENTRAL
G10;ENFERMEDAD DE HUNTINGTON
G11;ATAXIA HEREDITARIA
G12;ATROFIA MUSCULAR ESPINAL Y SINDROMES AFINES
G13;ATROFIAS SISTEMICAS QUE AFECTAN PRIMARIAMENTE
G20;ENFERMEDAD DE PARKINSON
G21;PARKINSONISMO SECUNDARIO
G22;PARKINSONISMO EN ENFERMEDADES CLASIFICADAS
G23;OTRAS ENFERMEDADES DEGENERATIVAS DE LOS
G24;DISTONIA
G25;OTROS TRASTORNOS EXTRAPIRAMIDALES Y DEL, MOVIMIENTO
G26;TRASTORNOS EXTRAPIRAMIDALES Y DEL MOVIMIENTO
G30;ENFERMEDAD DE ALZHEIMER
G31;OTRAS ENFERMEDADES DEGENERATIVAS DEL SISTEMA
G32;OTROS TRASTORNOS DEGENERATIVOS DEL SISTEMA NERVIOSO EN ENFERMEDADES CLASIFICADOS EN
G35;ESCLEROSIS MULTIPLE
G36;OTRAS DESMIELINIZACIONES DISEMINADAS AGUDAS
G37;OTRAS ENFERMEDADES DESMIELINIZANTES DEL
G40;EPILEPSIA
G41;ESTADO DE MAL EPILEPTICO
G43;MIGRAÑA
G44;OTROS SINDROMES DE CEFALEA
G45;ATAQUES DE ISQUEMIA CEREBRAL TRANSITORIA Y
G46;SINDROMES VASCULARES ENCEFALICOS EN
G47;TRASTORNOS DEL SUEÑO
G50;TRASTORNOS DEL NERVIO TRIGEMINO
G51;TRASTORNOS DEL NERVIO FACIAL
G52;TRASTORNOS DE OTROS NERVIOS CRANEALES
G53;TRASTORNOS DE LOS NERVIOS CRANEALES EN
G54;TRASTORNOS DE LAS RAICES Y DE LOS PLEXOS, NERVIOSOS
G55;COMPRESIONES DE LAS RAICES Y DE LOS PLEXOS
G56;MONONEUROPATIAS DEL MIEMBRO SUPERIOR
G57;MONONEUROPATIAS DEL MIEMBRO INFERIOR
G58;OTRAS MONONEUROPATIAS
G59;MONONEUROPATIA EN ENFERMEDADES CLASIFICADAS, OTRA PARTE
G60;NEUROPATIA HEREDITARIA E IDIOPATICA
G61;POLINEUROPATIA INFLAMATORIA
G62;OTRAS POLINEUROPATIAS
G63;POLINEUROPATIA EN ENFERMEDADES CLASIFICADAS
G64;OTROS TRASTORNOS DEL SISTEMA NERVIOSO, PERIFERICO
G70;MIASTENIA GRAVIS Y OTROS TRASTORNOS, NEUROMUSCULARES
G71;TRASTORNOS MUSCULARES PRIMARIOS
G72;OTRAS MIOPATIAS
G73;TRASTORNOS DEL MUSCULO Y DE LA UNION
G80;PARALISIS CEREBRAL INFANTIL
G81;HEMIPLEJIA
G82;PARAPLEJIA Y CUADRIPLEJIA
G83;OTROS SINDROMES PARALITICOS
G90;TRASTORNOS DEL SISTEMA NERVIOSO AUTONOMO
G91;HIDROCEFALO
G92;ENCEFALOPATIA TOXICA
G93;OTROS TRASTORNOS DEL ENCEFALO
G94;OTROS TRASTORNOS DEL ENCEFALO EN, ENFERMEDADES CLASIFICADAS OTRA PARTE
G95;OTRAS ENFERMEDADES DE LA MEDULA ESPINAL
G96;OTROS TRASTORNOS DEL SISTEMA NERVIOSO, CENTRAL
G97;TRASTORNOS DEL SISTEMA NERVIOSO CONSECUTIVOS A PROCEDIMIENTOS, NO CLASIFICADOS EN OTRA
G98;OTROS TRASTORNOS DEL SISTEMA NERVIOSO
G99;OTROS TRASTORNOS DEL SISTEMA NERVIOSO EN
H00;ORZUELO Y CALACIO
H01;OTRAS INFLAMACIONES DEL PARPADO
H02;OTROS TRASTORNOS DE LOS PARPADOS
H03;TRASTORNOS DEL PARPADO EN ENFERMEDADES, CLASIFICADAS OTRA PARTE
H04;TRASTORNOS DEL APARATO LAGRIMAL
H05;TRASTORNOS DE LA ORBITA
H06;TRASTORNOS DEL APARATO LAGRIMAL Y DE LA ORBITA, EN ENFERMEDADES CLASIFICADAS EN OTRA PARTE
H10;CONJUNTIVITIS
H11;OTROS TRASTORNOS DE LA CONJUNTIVA
H13;TRASTORNOS DE LA CONJUNTIVA EN ENFERMEDADES
H15;TRASTORNOS DE LA ESCLEROTICA
H16;QUERATITIS
H17;OPACIDADES Y CICATRICES CORNEALES
H18;OTROS TRASTORNOS DE LA CORNEA
H19;TRASTORNOS DE LA ESCLEROTICA Y DE LA CORNEA EN
H20;IRIDOCICLITIS
H21;OTROS TRASTORNOS DEL IRIS Y DEL CUERPO CILIAR
H22;TRASTORNOS DEL IRIS Y DEL CUERPO CILIAR EN, ENFERMEDADES CLASIFICADAS EN OTRA PARTE
H25;CATARATA SENIL
H26;OTRAS CATARATAS
H27;OTROS TRASTORNOS DEL CRISTALINO
H28;CATARATA Y OTROS TRASTORNOS DEL CRISTALINO EN
H30;INFLAMACION CORIORRETINIANA
H31;OTROS TRASTORNOS DE LA COROIDES
H32;TRASTORNOS CORIORRETINIANOS EN ENFERMEDADES, CLASIFICADAS OTRA PARTE
H33;DESPRENDIMIENTO Y DESGARRO DE LA RETINA
H34;OCLUSION VASCULAR DE LA RETINA
H35;OTROS TRASTORNOS DE LA RETINA
H36;TRASTORNOS DE LA RETINA EN ENFERMEDADES
H40;GLAUCOMA
H42;GLAUCOMA EN ENFERMEDADES CLASIFICADAS EN, OTRA PARTE
H43;TRASTORNOS DEL CUERPO VITREO
H44;TRASTORNOS DEL GLOBO OCULAR
H45;TRASTORNOS DEL CUERPO VITREO Y DEL GLOBO
H46;NEURITIS OPTICA
H47;OTROS TRASTORNOS DEL NERVIO OPTICO [ II PAR ] Y
H48;OTROS TRASTORNOS DEL NERVIO OPTICO [ II PAR ] Y
H49;ESTRABISMO PARALITICO
H50;OTROS ESTRABISMOS
H51;OTROS TRASTORNOS DE LOS MOVIMIENTOS, BINOCULARES
H52;TRASTORNOS DE LA ACOMODACION Y DE LA, REFRACCION
H53;ALTERACIONES DE LA VISION
H54;CEGUERA Y DISMINUCION DE LA AGUDEZA VISUAL
H55;NISTAGMO Y OTROS MOVIMIENTOS OCULARES, IRREGULARES
H57;OTROS TRASTORNOS DEL OJO Y SUS ANEXOS
H58;OTROS TRASTORNOS DEL OJO Y SUS ANEXOS EN, ENFERMEDADES CLASIFICADAS EN OTRA PARTE
H59;TRASTORNOS DEL OJO Y SUS ANEXOS CONSECUTIVOS
H60;OTITIS EXTERNA
H61;OTROS TRASTORNOS DEL OIDO EXTERNO
H62;TRASTORNOS DEL OIDO EXTERNO EN ENFERMEDADES, CLASIFICADAS EN OTRA PARTE
H65;OTITIS MEDIA NO SUPURATIVA
H66;OTITIS MEDIA SUPURATIVA Y LA NO ESPECIFICADA
H67;OTITIS MEDIA EN ENFERMEDADES CLASIFICADAS EN, OTRA PARTE
H68;INFLAMACION Y OBSTRUCCION DE LA TROMPA DE, EUSTAQUIO
H69;OTROS TRASTORNOS DE LA TROMPA DE EUSTAQUIO
H70;MASTOIDITIS Y AFECCIONES RELACIONADAS
H71;COLESTEATOMA DEL OIDO MEDIO
H72;PERFORACION DE LA MEMBRANA TIMPANICA
H73;OTROS TRASTORNOS DE LA MEMBRANA TIMPANICA
H74;OTROS TRASTORNOS DEL OIDO MEDIO Y DE LA
H75;OTROS TRASTORNOS DEL OIDO MEDIO Y DE LA, APOFISIS MASTOIDESEN ENFERMEDADES
H80;OTOSCLEROSIS
H81;TRASTORNOS DE LA FUNCION VESTIBULAR
H82;SINDROMES VERTIGINOSOS
H83;OTROS TRASTORNOS DEL OIDO INTERNO
H90;HIPOACUSIA CONDUCTIVA Y NEUROSENSORIAL
H91;OTRAS HIPOACUSIAS
H92;OTALGIA Y SECRECION DEL OIDO
H93;OTROS TRASTORNOS DEL OIDO NO CLASIFICADOS EN
H94;OTROS TRASTORNOS DEL OIDO EN ENFERMEDADES CLASIFICADAS EN OTRA PARTE
H95;TRASTORNOS DEL OIDO Y DE LA APOFISIS MASTOIDES CONSECUTIVOS A PROCEDIMIENTOS NO CLASIFICADOS
I00;FIEBRE REUMATICA SIN MENCION DE COMPLICACION, CARDIACA
I01;FIEBRE REUMATICA CON COMPLICACION CARDIACA
I02;COREA REUMATICA
I05;ENFERMEDADES REUMATICAS DE LA VALVULA MITRAL
I06;ENFERMEDADES REUMATICAS DE LA VALVULA AORTICA
I07;ENFERMEDADES REUMATICAS DE LA VALVULA, TRICUSPIDE
I08;ENFERMEDADES VALVULARES MULTIPLES
I09;OTRAS ENFERMEDADES REUMATICAS DEL CORAZON
I10;HIPERTENSION ESENCIAL (PRIMARIA)
I11;ENFERMEDAD CARDIACA HIPERTENSIVA
I12;ENFERMEDAD RENAL HIPERTENSIVA
I13;ENFERMEDAD CARDIORRENAL HIPERTENSIVA
I15;HIPERTENSION SECUNDARIA
I20;ANGINA DE PECHO
I21;INFARTO AGUDO DEL MIOCARDIO
I22;INFARTO SUBSECUENTE DEL MIOCARDIO
I23;CIERTAS COMPLICACIONES PRESENTES POST ERIORES, AL INFARTO AGUDO DEL MIOCARDIO
I24;OTRAS ENFERMEDADES ISQUEMICAS AGUDAS DEL, CORAZON
I25;ENFERMEDAD ISQUEMICA CRONICA DEL CORAZON
I26;EMBOLIA PULMONAR
I27;OTRAS ENFERMEDADES CARDIOPULMONARES
I28;OTRAS ENFERMEDADES VASOS PULMONARES
I30;PERICARDITIS AGUDA
I31;OTRAS ENFERMEDADES DEL PERICARDIO
I32;PERICARDITIS EN ENFERMEDADES CLASIFICADAS EN
I33;ENDOCARDITIS AGUDA Y SUBAGUDA
I34;TRASTORNOS NO REUMATICOS DE LA VALVULA MITRAL
I35;TRASTORNOS NO REUMATICOS DE LA VALVULA, AORTICA
I36;TRASTORNOS NO REUMATICOS DE LA VALVULA, TRICUSPIDE
I37;TRASTORNOS DE LA VALVULA PULMONAR
I38;ENDOCARDITIS, VALVULA NO ESPECIFICADA
I39;ENDOCARDITIS Y TRASTORNOS VALVULARES EN, ENFERMEDADES CLASIFICADAS EN OTRA PARTE
I40;MIOCARDITIS AGUDA
I41;MIOCARDITIS EN ENFERMEDADES CLASIFICADAS EN, OTRA PARTE
I42;CARDIOMIOPATIA
I43;CARDIOMIOPATIA EN ENFERMEDADES CLASIFICADAS, EN OTRA PARTE
I44;BLOQUEO AURICULOVENTRICULAR Y DE RAMA
I45;OTROS TRASTORNOS DE LA CONDUCCION
I46;PARO CARDIACO
I47;TAQUICARDIA PAROXISTICA
I48;FIBRILACION Y ALETEO AURICULAR
I49;OTRAS ARRITMIAS CARDIACAS
I50;INSUFICIENCIA CARDIACA
I51;COMPLICACIONES Y DESCRIPCIONES MAL DEFINIDAS
I52;OTROS TRASTORNOS CARDIACOS EN ENFERMEDADES, CLASIFICADAS EN OTRA PARTE
I60;HEMORRAGIA SUBARACNOIDEA
I61;HEMORRAGIA INTRAENCEFALICA
I62;OTRAS HEMORRAG INTRACRANEALES NO, TRAUMATICAS
I63;INFARTO CEREBRAL
I64;ACCIDENTE VASCULAR ENCEFALICO AGUDO
I65;OCLUSION Y ESTENOSIS EN ARTERIAS
I66;OCLUSION Y ESTENOSIS EN ARTERIAS CEREBRALES
I67;OTRAS ENFERMEDADES CEREBROVASCULARES
I68;TRASTORNOS CEREBROVASCULARES EN
I69;SECUELAS DE ENFERMEDADES CEREBROVASCULAR
I70;ATEROSCLEROSIS
I71;ANEURISMA Y DISECCION AORTICOS
I72;OTROS ANEURISMAS
I73;OTRAS ENFERMEDADES VASCULARES PERIFERICAS
I74;EMBOLIA Y TROMBOSIS ARTERIALES
I77;OTROS TRASTORNOS ARTERIALES O ARTERIOLARES
I78;ENFERMEDADES DE LOS VASOS CAPILARES
I79;TRASTORNOS DE LAS ARTERIAS, DE LAS ARTERIOLAS Y
I80;FLEBITIS Y TROMBOFLEBITIS
I81;TROMBOSIS DE LA VENA PORTA
I82;OTRAS EMBOLIAS Y TROMBOSIS VENOSAS
I83;VENAS VARICOSAS DE LOS MIEMBROS INFERIORES
I84;HEMORROIDES
I85;VARICES ESOFAGICAS
I86;VARICES DE OTROS SITIOS
I87;OTROS TRASTORNOS DE LAS VENAS
I88;LINFADENITIS INESPECIFICA
I89;OTROS TRASTORNOS NO INFECCIOSOS DE LOS VASOS
I95;HIPOTENSION
I97;TRASTORNOS DEL SISTEMA CIRCULATORIO
I98;OTROS TRASTORNOS DEL SISTEMA CIRCULATORIO EN
I99;OTROS TRASTORNOS DEL SISTEMA CIRCULATORIO
J00;RINOFARINGITIS AGUDA
J01;SINUSITIS AGUDA
J02;FARINGITIS AGUDA
J03;AMIGDALITIS AGUDA
J04;LARINGITIS Y TRAQUEITIS AGUDAS
J05;LARINGITIS OBSTRUCTIVA AGUDA [CRUP] Y EPIGLOTITIS
J06;INFECCIONES AGUDAS DE LAS VIAS RESPIRATORIAS
J10;INFLUENZA DEBIDA A VIRUS DE LA INFLUENZA, IDENTIFICADO
J11;INFLUENZA DEBIDA A VIRUS NO IDENTIFICADO
J12;NEUMONIA VIRAL NO CLASIFICADA EN OTRA PARTE
J13;NEUMONIA DEBIDA A STREPTOCOCCUS PNEUMONIAE
J14;NEUMONIA DEBIDA A HAEMOPHILUS INFLUENSAE
J15;NEUMONIA BACTERIANA NO CLASIFICADA EN OTRA, PARTE
J16;NEUMONIA DEBIDA A OTROS MICROORGANISMOS
J17;NEUMONIA EN ENFERMEDADES CLASIFICADAS EN OTRA, PARTE
J18;NEUMONIA ORGANISMO NO ESPECIFICADO
J20;BRONQUITIS AGUDA
J21;BRONQUIOLITIS AGUDA
J22;INFECCION AGUDA NO ESPECIFICADA DE LAS VIAS, RESPIRATORIAS INFERIORES
J30;RINITIS ALERGICA Y VASOMOTORA
J31;RINITIS, RINOFARINGITIS Y FARINGITIS CRONICA
J32;SINUSITIS CRONICA
J33;POLIPO NASAL
J34;OTROS TRASTORNOS DE LA NARIZ Y DE LOS SENOS
J35;ENFERMEDADES CRONICAS DE LAS AMIGDALAS Y DE
J36;ABSCESO PERIAMIGDALINO
J37;LARINGITIS Y LARINGOTRAQUEITIS CRONICAS
J38;ENFERMEDADES DE LAS CUERDAS VOCALES Y DE LA
J39;OTRAS ENFERMEDADES DE LAS VIAS RESPIRATORIAS, SUPERIORES
J40;BRONQUITIS NO ESPECIFICADA COMO AGUDA O, CRONICA
J41;BRONQUITIS CRONICA SIMPLE Y MUCOPURULENTA
J42;BRONQUITIS CRONICA NO ESPECIFICADA
J43;ENFISEMA
J44;OTRAS ENFERMEDADES PULMONARES OBSTRUCTIVAS, CRONICAS
J45;ASMA
J46;ESTADO ASMATICO
J47;BRONQUIECTASIA
J60;NEUMOCONIOSIS DE LOS MINEROS DE DEL CARBON
J61;NEUMOCONIOSIS DEBIDA A ASBESTO Y OTRAS FIBRAS
J62;NEUMOCONIOSIS DEBIDAS A POLVO DE SILICE
J63;NEUMOCONIOSIS DEBIDA A OTROS POLVOS, INORGANICOS
J64;NEUMOCONIOSIS NO ESPECIFICADA
J65;NEUMOCONIOSIS ASOCIADA CON TUBERCULOSIS
J66;ENFERMEDADES DE LAS VIAS AEREAS DEBIDAS A
J67;NEUMONITIS DEBIDA A HIPERSENSIBILIDAD AL POLVO, ORGANICO
J68;AFECCIONES RESPIRATORIAS DEBIDAS A INHALACION, DE GASES, HUMOS, VAPORES Y SUSTANCIAS QUIMICAS
J69;NEUMONITIS DEBIDA A SOLIDOS Y LIQUIDOS
J70;AFECCIONES RESPIRATORIAS DEBIDAS A OTROS
J80;SINDROME DE DIFICULTAD RESPIRATORIA DEL ADULTO
J81;EDEMA PULMONAR
J82;EOSINOFILIA PULMONAR NO CLASIFICADA EN OTRA PARTE
J84;OTRAS ENFERMEDADES PULMONARES INTERSTICIALES
J85;ABSCESO DEL PULMON Y DEL MEDIASTINO
J86;PIOTORAX
J90;DERRAME PLEURAL
J91;DERRAME PLEURAL POR OTRAS AFECCIONES
J92;PAQUIPLEURITIS
J93;NEUMOTORAX
J94;OTRAS AFECCIONES DE LA PLEURA
J95;TRASTORNOS DEL SISTEMA RESPIRATORIO,
J96;INSUFICIENCIA RESPIRATORIA NO CLASIFICADAS EN, OTRA PARTE
J98;OTROS TRASTORNOS RESPIRATORIOS
J99;TRASTORNOS RESPIRATORIOS EN ENFERMEDADES
K00;TRASTORNOS DEL DESARROLLO Y DE LA ERUPCION DE
K01;DIENTES INCLUIDOS E IMPACTADOS
K02;CARIES DENTAL
K03;OTRAS ENFERMEDADES DE LOS TEJIDOS DUROS DE
K04;ENFERMEDADES DE LA PULPA Y DE LOS TEJIDOS, PERIAPICALES
K05;GINGIVITIS Y ENFERMEDADES PERIODONTALES
K06;OTROS TRASTORNOS DE LA ENCIA Y DE LA ZONA, EDENTULA
K07;ANOMALIAS DENTOFACIALES [INCLUSOLA, MALOCLUSION]
K08;OTROS TRASTORNOS DE LOS DIENTES Y DE SUS
K09;QUISTES DE LA REGION BUCAL NO CLASIFICADAS EN
K10;OTRAS ENFERMEDADES DE LOS MAXILARES
K11;ENFERMEDADES DE LAS GLANDULAS SALIVARES
K12;ESTOMATITIS Y LESIONES AFINES (AFTA)
K13;OTRAS ENFERMEDADES DE LOS LABIOS Y DE LA, MUCOSA BUCAL
K14;ENFERMEDADES DE LA LENGUA
K20;ESOFAGITIS
K21;ENFERMEDAD DEL REFLUJO GASTROESOFAGICO
K22;OTRAS ENFERMEDADES DEL ESOFAGO
K23;TRASTORNOS DEL ESOFAGO EN ENFERMEDADES
K25;ULCERA GASTRICA
K26;ULCERA DUODENAL
K27;ULCERA PEPTICA, SITIO NO ESPECIFICADO
K28;ULCERA GASTROYEYUNAL
K29;GASTRITIS Y DUODENITIS
K30;DISPEPSIA
K31;OTRAS ENFERMEDADES DEL ESTOMAGO Y DEL, DUODENO
K35;APENDICITIS AGUDA
K36;OTROS TIPOS DE APENDICITIS
K37;APENDICITIS NO ESPECIFICADA
K38;OTRAS ENFERMEDADES DEL APENDICE
K40;HERNIA INGUINAL
K41;HERNIA FEMORAL (HERNIA CRURAL)
K42;HERNIA UMBILICAL
K43;HERNIA VENTRAL
K44;HERNIA DIAFRAGMATICA
K45;OTRAS HERNIAS DE LA CAVIDAD ABDOMINAL
K46;HERNIA NO ESPECIFICADA DE LA CAVIDAD ABDOMINAL
K50;ENFERMEDADES DE CROHN [ENTERITIS REGIONAL]
K51;COLITIS ULCERATIVA
K52;OTRAS COLITIS Y GASTROENTERIT NO INFECCIOSAS
K55;TRASTORNOS VASCULARES DE LOS INTESTINOS
K56;ILEO PARALITICO Y OBSTRUCCION INTESTINAL SIN, HERNIA
K57;ENFERMEDAD DIVERTICULAR DEL INTESTINO
K58;SINDROME DEL COLON IRRITABLE
K59;OTROS TRASTORNOS FUNCIONALES DEL INTESTINO
K60;FISURA Y FISTULA DE LAS REGIONES ANAL Y RECTAL
K61;ABSCESO DE LAS REGIONES ANAL Y RECTAL
K62;OTRAS ENFERMEDADES DEL ANO Y DEL RECTO
K63;OTRAS ENFERMEDADES DE LOS INTESTINOS
K65;PERITONITIS
K66;OTROS TRASTORNOS DEL PERITONEO
K67;TRASTORNOS DEL PERITONEO EN ENFERMEDADES
K70;ENFERMEDAD ALCOHOLICA DEL HIGADO
K71;ENFERMEDAD TOXICA DEL HIGADO
K72;INSUFICIENCIA HEPATICA NO CLASIFICADAS EN OTRA, PARTE
K73;HEPATITIS CRONICA NO CLASIFICADAS EN OTRA PARTE
K74;FIBROSIS Y CIRROSIS DEL HIGADO
K75;OTRAS ENFERMEDADES INFLAMATORIAS DEL HIGADO
K76;OTRAS ENFERMEDADES DEL HIGADO
K77;TRASTORNOS DEL HIGADO EN ENFERMEDADES CLASIFICADAS EN OTRA PARTE
K80;COLELITIASIS
K81;COLECISTITIS
K82;OTRAS ENFERMEDADES DE LA VESICULA BILIAR
K83;OTRAS ENFERMEDADES DE LAS VIAS BILIARES
K85;PANCREATITIS AGUDA
K86;OTRAS ENFERMEDADES DEL PANCREAS
K87;TRASTORNOS DE LA VESICULA BILIAR, DE LAS VIAS BILIARES Y DEL PANCREAS EN ENFERMEDADES
K90;MALABSORCION INTESTINAL
K91;TRASTORNOS DEL SISTEMA DIGESTIVO,
K92;OTRAS ENFERMEDADES DEL SISTEMA DIGESTIVO
K93;TRASTORNOS DE OTROS ORGANOS DIGESTIVOS EN, ENFERMEDADES CLASIFICADAS EN OTRA PARTE
L00;SINDROME ESTAFILOCOCICO DE LA PIEL ESCALDADA
L01;IMPETIGO
L02;ABSCESO CUTANEO, FURUNCULO Y ANTRAX
L03;CELULITIS
L04;LINFADENITIS AGUDA
L05;QUISTE PILONIDAL
L08;OTRAS INFECCIONES LOCALES PIEL Y TEJIDO, SUBCUTANEO
L10;PENFIGO
L11;OTROS TRASTORNOS ACANTOLITICOS
L12;PENFIGOIDE
L13;OTROS TRASTORNOS FLICTENULARES
L14;TRASTORNOS FLICTENULARES
L20;DERMATITIS ATOPICA
L21;DERMATITIS SEBORREICA
L22;DERMATITIS DEL PANAL
L23;DERMATITIS ALERGICA DE CONTACTO
L24;DERMATITIS DE CONTACTO POR IRRITANTES
L25;DERMATITIS DE CONTACTO FORMA NO ESPECIFICADA
L26;DERMATITIS EXFOLIATIVA
L27;DERMATITIS DEBIDA A SUSTANCIAS INGERIDAS
L28;LIQUEN SIMPLE CRONICO Y PRURIGO
L29;PRURITO
L30;OTRAS DERMATITIS
L40;PSORIASIS
L41;PARAPSORIASIS
L42;PITIRIASIS ROSADA
L43;LIQUEN PLANO
L44;OTROS TRASTORNOS PAPULOESCAMOSOS
L45;TRASTORNOS PAPULOESCAMOSOS
L50;URTICARIA
L51;ERITEMA MULTIFORME
L52;ERITEMA NUDOSO
L53;OTRAS AFECCIONES ERITEMATOSAS
L54*;ERITEMA EN ENFERMEDADES CLASIFICADAS EN OTRA, PARTE
L55;QUEMADURA SOLAR
L56;OTROS CAMBIOS AGUDOS DE LA PIEL, DEBIDOS A
L57;CAMBIOS AGUDOS DE LA PIEL, DEBIDOS A EXPOSICION
L58;RADIODERMATITIS
L59;OTROS TRASTORNOS DE LA PIEL Y DEL TEJIDO
L60;TRASTORNOS DE LAS UÑAS
L62;TRASTORNOS UÑAS EN ENFERMEDADES CLASIFICADAS
L63;ALOPECIA AREATA
L64;ALOPECIA ANDROGENA
L65;OTRA PERDIDA NO CICATRICIAL DEL PELO
L66;ALOPECIA CICATRICIAL [PERDIDA CICATRICIAL DEL, PELO]
L67;ANORMALIDADES DEL TALLO Y DEL COLOR DEL PELO
L68;HIPERTRICOSIS
L70;ACNE
L71;ROSACEA
L72;QUISTE FOLICULAR DE LA PIEL Y DEL TEJIDO, SUBCUTANEO
L73;OTROS TRASTORNOS FOLICULARES
L74;TRASTORNOS SUDORIPAROS ECRINOS
L75;TRASTORNOS SUDORIPAROS APOCRINOS
L80;VITILIGO
L81;OTROS TRASTORNOS DE LA PIGMENTACION
L82;QUERATOSIS SEBORREICA
L83;ACANTOSIS NIGRICANS
L84;CALLOS Y CALLOSIDADES
L85;OTROS TIPOS DE ENGROSAMIENTO EPIDERMICO
L86;QUERATODERMA
L87;TRASTORNOS DE LA ELIMINACION TRANSEPIDERMICA
L88;PIODERMA GANGRENOSO
L89;ULCERA DE DECUBITO
L90;TRASTORNOS ATROFICOS DE LA PIEL
L91;TRASTORNOS HIPERTROFICOS DE LA PIEL
L92;TRASTORNOS GRANULOMATOSOS DE LA PIEL Y DEL
L93;LUPUS ERITEMATOSO
L94;OTROS TRASTORNOS LOCALIZADOS DEL TEJIDO, CONJUNTIVO
L95;VASCULITIS LIMITADA A LA PIEL NO CLASIFICADAS EN
L97;ULCERA DEL MIEMBRO INFERIOR NO CLASIFICADA EN
L98;OTROS TRASTORNOS DE LA PIEL Y DEL TEJIDO
L99;OTROS TRASTORNOS DE LA PIEL Y DEL TEJIDO
M00;ARTRITIS PIOGENA
M01;INFECCIONES DIRECTAS DE LA ARTICULACION EN
M02;ARTROPATIAS REACTIVAS
M03;ARTROPATIAS POSTINFECCIOSAS Y REACTIVAS EN
M05;ARTRITIS REUMATOIDE SEROPOSITIVA
M06;OTRAS ARTRITIS REUMATOIDES
M07;ARTROPATIAS PSORIASICAS Y ENTEROPATICAS
M08;ARTRITIS JUVENIL
M09;ARTRITIS JUVENIL EN ENFERMEDADES CLASIFICADAS
M10;GOTA
M11;OTRAS ARTROPATIAS POR CRISTALES
M12;OTRAS ARTROPATIAS ESPECIFICAS
M13;OTRAS ARTRITIS
M14;ARTROPATIA EN ENFERMEDADES CLASIFICADAS EN EN, OTRA PARTE.
M15;POLIARTROSIS
M16;COXARTROSIS
M17;GONARTROSIS
M18;ARTROS DE LA PRIMERA ARTICULACION CARPOMETACARPIANA
M19;OTRAS ARTROSIS
M20;DEFORMIDADES ADQUIRIDAS DE LOS DEDOS DE LA
M21;OTRAS DEFORMIDADES ADQUIRIDAS DE LOS MIEMBROS
M22;TRASTORNOS DE LA ROTULA
M23;TRASTORNO INTERNO DE LA RODILLA
M24;OTROS TRASTORNOS ARTICULARES ESPECIFICOS
M25;OTROS TRASTORNOS ARTICULARES NO CLASIFICADAS
M30;POLIARTRITIS NUDOSA Y AFECCIONES RELACIONADAS
M31;OTRAS VASCULOPATIAS NECROTIZANTES
M32;LUPUS ERITEMATOSO SISTEMICO (LES)
M33;DERMATOPOLIMIOSITIS
M34;ESCLEROSIS SISTEMICA
M35;OTRO COMPROMISO SISTEMICO DEL TEJIDO CONJUNTIVO
M36;TRASTORNOS SISTEMICOS DEL TEJIDO CONJUNTIVO
M40;CIFOSIS Y LORDOSIS
M41;ESCOLIOSIS
M42;OSTEOCONDROSIS DE LA COLUMNA VERTEBRAL
M43;OTRAS DORSOPATIAS DEFORMANTES
M45;ESPONDILITIS ANQUILOSANTE
M46;OTRAS ESPONDILOPATIAS INFLAMATORIAS
M47;ESPONDILOSIS
M48;OTRAS ESPONDILOPATIAS
M49;ESPONDILOPATIAS EN ENFERMEDADES CLASIFICADAS
M50;TRASTORNOS DEL DISCO CERVICAL
M51;OTROS TRASTORNOS DE LOS DISCOS, INTERVERTEBRALES
M53;OTRAS DORSOPATIAS NO CLASIFICADAS EN OTRA PARTE
M54;DORSALGIA
M60;MIOSITIS
M61;CALCIFICACION Y OSIFICACION DEL MUSCULO
M62;OTROS TRASTORNOS DE LOS MUSCULOS
M63;TRASTORNOS DE LOS MUSCULOS EN ENFERMEDADES
M65;SINOVITIS Y TENOSINOVITIS
M66;RUPTURA ESPONTANEA DE LA SINOVIA Y DEL TENDON
M67;OTROS TRASTORNOS DE LA SINOVIA Y TENDON
M68;TRASTORNOS DE LA SINOVIA Y DEL TENDON DEL, ENFERMEDADES CLASIFICADAS EN OTRA PARTE
M70;TRASTORNOS DEL TEJIDO BLANDO RELACIONADOS
M71;OTRAS BURSOPATIAS
M72;TRASTORNOS FIBROBLASTICOS
M73;TRASTORNOS DEL TEJIDO BLANDO EN ENFERMEDADES
M75;LESIONES DEL HOMBRO
M76;ENTESOPATIAS DEL MIEMBRO INFERIOR EXCLUIDO EL, PIE
M77;OTRAS ENTESOPATIAS
M79;OTROS TRASTORNOS DE LOS TEJIDOS BLANDOS NO
M80;OSTEOPOROSIS CON FRACTURA PATOLOGICA
M81;OSTEOPOROSIS SIN FRACTURA PATOLOGICA
M82;OSTEOPOROSIS EN ENFERMEDADES CLASIFICADAS EN
M83;OSTEOMALACIA DEL ADULTO
M84;TRASTORNOS DE LA CONTINUIDAD DEL HUESO
M85;OTROS TRASTORNOS DE LA DENSIDAD Y DE LA
M86;OSTEOMIELITIS
M87;OSTEONECROSIS (NOA)
M88;ENFERMEDADES DE PAGET DE LOS HUESOS [OSTEITIS
M89;OTROS TRASTORNOS DEL HUESO
M90;OSTEOPATIAS EN ENFERMEDADES CLASIFICADAS EN
M91;OSTEOCONDROSIS JUVENIL DE LA CADERA Y DE LA, PELVIS
M92;OTRAS OSTEOCONDROSIS JUVENILES
M93;OTRAS OSTEOCONDROPATIAS
M94;OTROS TRASTORNOS DEL CARTILAGO
M95;OTRAS DEFORMIDADES ADQUIRIDAS DEL SISTEMA
M96;TRASTORNOS OSTEOMUSCULARES CONSECUTIVOS A
M99;LESIONES BIOMECANICAS NO CLASIFICADAS EN OTRA, PARTE
N00;SINDROME NEFRITICO AGUDO
N01;SINDROME NEFRITICO RAPIDAMENTE PROGRESIVO
N02;HEMATURIA RECURRENTE Y PERSISTENTE
N03;SINDROME NEFRITICO CRONICO
N04;SINDROME NEFROTICO
N05;SINDROME NEFRITICO NO ESPECIFICADO
N06;PROTEINURIA AISLADA CON LESION MORFOLOGICA, ESPECADA
N07;NEFROPATIA HEREDITARIA NO CLASIFICADA EN OTRA PARTE
N08;TRASTORNOS GLOMERULARES EN ENFERMEDADES, CLASIFICADAS OTRA PARTE
N10;NEFRITIS TUBULOINTERSTICIAL AGUDA
N11;NEFRITIS TUBULOINTERSTICIAL CRONICA
N12;NEFRITIS TUBULOINTERSTICIAL
N13;UROPATIA OBSTRUCTIVA Y POR REFLUJO
N14;AFECCIONES TUBULARES Y TUBULOINTERSTICIALES
N15;OTRAS ENFERMEDADES RENALES, TUBULOINTERSTICIALES
N16;TRASTORNOS RENALES TUBULOINTERSTICIALES EN ENFERMEDADES CLASIFICADAS EN OTRA PARTE
N17;INSUFICIENCIA RENAL AGUDA
N18;INSUFICIENCIA RENAL CRONICA (IRC)
N19;INSUFICIENCIA RENAL NO ESPECIFICADA
N20;CALCULO DEL RINON Y DEL URETER
N21;CALCULO DE LAS VIAS URINARIAS INFERIORES
N22;CALCULO DE LAS VIAS URINARIAS EN ENFERMEDADES
N23;COLICO RENAL
N25;TRASTORNOS RESULTANTES DE LA FUNCION TUBULAR
N26;RINON CONTRAIDO NO ESPECIFICADO
N27;RINON PEQUENO DE CAUSA DESCONOCIDA
N28;OTROS TRASTORNOS DEL RINON Y DEL URETER NO
N29;OTROS TRASTORNOS DEL RINON Y DEL URETER EN
N30;CISTITIS
N31;DISFUNCION NEUROMUSCULAR DE VEJIGA NO
N32;OTROS TRASTORNOS DE LA VEJIGA
N33;TRASTORNOS VEJIGA EN ENFERMEDADES
N34;URETRITIS Y SINDROME URETRAL
N35;ESTRECHEZ URETRAL
N36;OTROS TRASTORNOS DE LA URETRA
N37*;TRASTORNOS URETRA EN ENFERMEDADES
N39;OTROS TRASTORNOS DEL SISTEMA URINARIO
N40;HIPERPLASIA DE LA PROSTATA
N41;ENFERMEDADES INFLAMATORIAS DE LA PROSTATA
N42;OTROS TRASTORNOS DE LA PROSTATA
N43;HIDROCELE Y ESPERMATOCELE
N44;TORSION DEL TESTICULO
N45;ORQUITIS Y EPIDIDIMITIS
N46;ESTERILIDAD EN EL VARON
N47;PREPUCIO REDUNDANTE, FIMOSIS Y PARAFIMOSIS
N48;OTROS TRASTORNOS DEL PENE
N49;TRASTORNOS INFLAMATORIOS DE LOS ORGANOS
N50;OTROS TRASTORNOS DE LOS ORGANOS GENITALES, MASCULINOS
N51;TRASTORNOS DE LOS ORGANOS GENITALES
N60;DISPLASIA MAMARIA BENIGNA
N61;TRASTORNOS INFLAMATORIOS DE LA MAMA
N62;HIPERTROFIA DE LA MAMA
N63;MASA NO ESPECIFICADA EN LA MAMA
N64;OTROS TRASTORNOS DE LA MAMA
N70;SALPINGITIS Y OOFORITIS
N71;ENFERMEDADES INFLAMATORIAS DEL UTERO,, EXCEPTO CUELLO
N72;ENFERMEDADES INFLAMATORIAS DEL CUELLO, UTERINO
N73;OTRAS ENFERMEDADES PELVICAS INFLAMATORIAS, FEMENINAS
N74;TRASTORNOS INFLAMATORIOS DE LA PELVIS FEMENINA
N75;ENFERMEDADES DE LA GLANDULA DE BARTHOLIN
N76;OTRAS ENFERMEDADES INFLAMATORIAS DE LA VAGINA
N77;ULCERACION E INFLAMACION VULVOVAGINAL EN, ENFERMEDADES CLASIFICADAS EN OTRA PARTE
N80;ENDOMETRIOSIS
N81;PROLAPSO GENITAL FEMENINO (DISTOPIA GENITAL)
N82;FISTULAS QUE AFECTAN EL TRACTO GENITAL, FEMENINO
N83;TRASTORNOS NO INFLAMATORIOS DEL OVARIO, DE LA
N84;POLIPO DEL TRACTO GENITAL FEMENINO
N85;OTROS TRASTORNOS NO INFLAMATORIOS DEL UTERO,
N86;EROSION Y ECTROPION DEL CUELLO UTERINO
N87;DISPLASIA DEL CUELLO UTERINO
N88;OTROS TRASTORNOS NO INFLAMATORIA DEL CUELLO, UTERINO
N89;OTROS TRASTORNOS NO INFLAMATORIOS DE LA, VAGINA
N90;OTROS TRASTORNOS NO INFLAMATORIOS DE LA VULVA
N91;MENSTRUACION AUSENTE, ESCASA O RARA
N92;MENSTRUACION EXCESIVA, FRECUENTE E IRREGULAR
N93;OTRAS HEMORRAGIAS UTERINAS O VAGINALES, ANORMALES
N94;DOLOR Y OTRAS AFECCIONES RELACIONADAS CON
N95;OTROS TRASTORNOS MENOPAUSICOS Y, PERIMENOPAUSICOS
N96;ABORTADORA HABITUAL
N97;INFERTILIDAD FEMENINA
N98;COMPLICACION ASOCIADA CON LA FECUNDACION, ARTIFICIAL
N99;TRASTORNOS DEL SISTEMA GENITOURINARIO
O00;EMBARAZO ECTOPICO
O01;MOLA HIDATIFORME
O02;OTROS PRODUCTOS ANORMALES DE LA CONCEPCION
O03;ABORTO ESPONTANEO
O04;ABORTO MEDICO
O05;OTRO ABORTO
O06;ABORTO NO ESPECIFICADO
O07;INTENTO FALLIDO DE ABORTO
O08;COMPLICACIONES CONSECUTIVAS AL ABORTO, AL, EMBARAZO ECTOPICO Y AL EMBARAZO MOLAR
O10;HIPERTENSION PREEXISTENTE QUE COMPLICA EL, EMBARAZO, EL PARTO Y EL PUERPERIO
O11;TRASTORNOS HIPERTENSIVOS PREEXISTENTES
O12;EDEMA Y PROTEINURIA GESTACIONAL [INDUCIDOS POR
O13;HIPERTENSION GESTACIONAL SIN PROTEINURIA, SIGNIFICATIVA
O14;HIPERTENSION GESTACIONAL CON PROTEINURIA, SIGNIFICATIVA
O15;ECLAMPSIA
O16;HIPERTENSION MATERNA NO ESPECIFICADA
O20;HEMORRAGIA PRECOZ DEL EMBARAZO
O21;VOMITOS EXCESIVOS EN EL EMBARAZO
O22;COMPLICACIONES VENOSAS EN EL EMBARAZO
O23;INFECCIONES DE LAS VIAS GENITOURINARIAS EN EL
O24;DIABETES MELLITUS EN EL EMBARAZO
O25;DESNUTRICION EN EL EMBARAZO
O26;ATENCION MATERNA POR OTRAS COMPLICACIONES
O28;HALLAZGOS ANORMALES EN EL EXAMEN PRENATAL DE
O29;COMPLICACIONES DE LA ANESTESIA ADMINISTRADA, DURANTE EL EMBARAZO
O30;EMBARAZO MULTIPLE
O31;COMPLICACION ESPECIFICAS DEL EMBARAZO MULTIPLE
O32;ATENCION MATERNA POR PRESENTACION ANORMAL, FETO
O33;ATENCION MATERNA POR DESPROPORCION
O34;ATENCION MATERNA POR ANORMALIDADES
O35;ATENCION MATERNA POR ANORMALIDAD O LESION FETAL, CONOCIDA O PRESUNTA
O36;ATENCION MATERNA POR OTROS PROBLEMAS
O40;POLIHIDRAMNIOS
O41;OTROS TRASTORNOS DEL LIQUIDO AMNIOTICO Y DE
O42;RUPTURA PREMATURA DE LAS MEMBRANAS (RPM)
O43;TRASTORNOS PLACENTARIOS
O44;PLACENTA PREVIA
O45;DESPRENDIMIENTO PREMATURO DE LA PLACENTA
O46;HEMORRAGIA ANTEPARTO NO CLASIFICADA EN OTRA, PARTE
O47;FALSO TRABAJO DE PARTO
O48;EMBARAZO PROLONGADO
O60;PARTO PREMATURO
O61;FRACASO DE LA INDUCCION DEL TRABAJO DE PARTO
O62;ANORMALIDADES DE LA DINAMICA DEL TRABAJO DE, PARTO
O63;TRABAJO DE PARTO PROLONGADO
O64;TRABAJO DE PARTO OBSTRUIDO DEBIDO MALA, POSICION Y PRESENTACION ANORMAL DEL FETO
O65;TRABAJO DE PARTO OBSTRUIDO DEBIDO A
O66;OTRAS OBSTRUCCIONES DEL TRABAJO DE PARTO
O67;TRABAJO DE PARTO Y PARTO COMPLICADOS POR
O68;TRABAJO DE PARTO Y PARTO COMPLICADOS POR, SUFRIMIENTO FETAL
O69;TRABAJO DE PARTO Y PARTO COMPLICADOS POR, PROBLEMAS DEL CORDON UMBILICAL
O70;DESGARRO PERINEAL DURANTE EL PARTO
O71;OTRO TRAUMA OBSTETRICO
O72;HEMORRAGIA POSTPARTO
O73;RETENCION DE LA PLACENTA O DE LAS MEMBRANAS,
O74;COMPLICACIONES DE LA ANESTESIA ADMINISTRADA, DURANTE EL TRABAJO DE PARTO Y EL PARTO
O75;OTRAS COMPLICACIONES DEL TRABAJO DE PARTO Y
O80;PARTO UNICO ESPONTANEO
O81;PARTO UNICO CON FORCEPS Y VENTOSA EXTRACTORA
O82;PARTO UNICO POR CESAREA
O83;OTROS PARTOS UNICOS ASISTIDOS
O84;PARTO MULTIPLE
O85;SEPSIS PUERPERAL
O86;OTRAS INFECCIONES PUERPERALES
O87;COMPLICACIONES VENOSAS EN EL PUERPERIO
O88;EMBOLIA OBSTETRICA
O89;COMPLICACION DE LA ANESTESIA ADMINISTRADA, DURANTE EL PUERPERIO
O90;COMPLICACIONES DEL PUERPERIO NO CLASIFICADAS
O91;INFECCIONES DE LA MAMA ASOCIADAS CON EL PARTO
O92;OTROS TRASTORNOS DE LA MAMA Y DE LA LACTANCIA
O93;MUERTE MATERNA RELACIONADA AL EMBARAZO
O95;MUERTE OBSTETRICA DE CAUSA NO ESPECIFICADA
O96;MUERTE MATERNA CAUSA OBSTETRICA
O97;MUERTE POR SECUELAS DE CAUSAS OBSTETRICAS, DIRECTAS
O98;ENFERMEDADES MATERNAS INFECCIOSAS Y
O99;OTRAS ENFERMEDADES MATERNAS CLASIFICABLES EN, OTRA PARTE, PERO QUE COMPLICAN EL EMBARAZO, EL
P00;FETO Y RECIEN NACIDO AFECTADOS POR, CONDICIONES DE LA MADRE NO NECESARIAMENTE
P01;FETO Y RECIEN NACIDO AFECTADOS POR
P02;FETO Y RECIEN NACIDO AFECTADOS POR
P03;FETO Y RECIEN NACIDO AFECTADOS POR OTRAS
P04;FETO Y RECIEN NACIDO AFECTADOS POR INFLUENCIAS, NOCIVAS TRANSMITIDAS A TRAVES DE LA PLACENTA O
P05;RETARDO DEL CRECIMIENTO FETAL Y DESNUTRICION, FETAL
P07;TRASTORNOS RELACIONADOS CON LA DURACION
P08;TRASTORNOS RELACIONADOS CON EL EMBARAZO
P10;HEMORRAGIA Y LACERACION INTRACRANEAL DEBIDAS
P11;OTROS TRAUMATISMOS DEL NACIMIENTO EN EL
P12;TRAUMATISMO DEL NACIMIENTO EN EL CUERO, CABELLUDO
P13;TRAUMATISMO DEL ESQUELETO DURANTE EL, NACIMIENTO
P14;TRAUMATISMOS DEL SISTEMA NERVIOSO PERIFERICO
P15;OTROS TRAUMATISMOS DEL NACIMIENTO
P20;HIPOXIA INTRAUTERINA
P21;ASFIXIA DEL NACIMIENTO
P22;DIFICULTAD RESPIRATORIA DEL RECIEN NACIDO
P23;NEUMONIA CONGENITA
P24;SINDROMES DE ASPIRACION NEONATAL
P25;ENFISEMA INTERSTICIAL Y AFECCIONES
P26;HEMORRAGIA PULMONAR ORIGINADA EN EL PERIODO, PERINATAL
P27;ENFERMEDADES RESPIRATORIAS CRONICAS
P28;OTROS PROBLEMAS RESPIRATORIOS DEL RECIEN
P29;TRASTORNOS CARDIOVASCULARES ORIGINADOS EN EL
P35;ENFERMEDADES VIRALES CONGENITAS
P36;SEPSIS BACTERIANA DEL RECIEN NACIDO
P37;OTRAS ENFERMEDADES INFECCIOSAS Y PARASITARIAS
P38;ONFALITIS DEL RECIEN NACIDO CON O SIN, HEMORRAGIA LEVE
P39;OTRAS INFECCIONES ESPECIFICADAS DEL PERIODO, PERINATAL
P50;PERDIDA DE SANGRE FETAL
P51;HEMORRAGIA UMBILICAL DEL RECIEN NACIDO
P52;HEMORRAGIA INTRACRANEAL NO TRAUMATICA DEL, FETO Y DEL RECIEN NACIDO
P53;ENFERMEDAD HEMORRAGICA DEL FETO Y DEL RECIEN, NACIDO
P54;OTRAS HEMORRAGIAS NEONATALES
P55;ENFERMEDAD HEMOLITICA DEL FETO Y DEL RECIEN, NACIDO
P56;HIDROPESIA FETAL DEBIDA A ENFERMEDAD, HEMOLITICA
P57;KERNICTERUS
P58;ICTERICIA NEONATAL DEBIDA A OTRAS HEMOLISIS, EXCESIVAS
P59;ICTERICIA NEONATAL POR OTRAS CAUSAS Y POR LAS
P60;COAGULACION INTRAVASCULAR DISEMINADA EN EL FETO Y EN EL RECIEN NACIDO
P61;OTROS TRASTORNOS HEMATOLOGICOS PERINATALES
P70;TRASTORNOS TRANSITORIOS DEL METABOLISMO DE
P71;TRASTORNOS NEONATALES TRANSITORIOS DEL
P72;OTROS TRASTORNOS ENDOCRINOS NEONATALES, TRANSITORIOS
P74;OTRAS ALTERACIONES METABOLICAS Y
P75;ILEO MECONIAL (E84.1?)
P76;OTRAS OBSTRUCCIONES INTESTINALES DEL RECIEN, NACIDO
P77;ENTEROCOLITIS NECROTIZANTE DEL FETO Y DEL, RECIEN NACIDO
P78;OTROS TRASTORNOS PERINATALES DEL SISTEMA, DIGESTIVO
P80;HIPOTERMIA DEL RECIEN NACIDO
P81;OTRAS ALTERACIONES DE LA REGULACION DE LA, TEMPERATURA DEL RECIEN NACIDO
P83;OTRAS AFECCIONES DE LA PIEL ESPECIFICAS DEL
P90;CONVULSIONES DEL RECIEN NACIDO
P91;OTRAS ALTERACIONES CEREBRALES DEL RECIEN, NACIDO
P92;PROBLEMAS DE LA INGESTION DE ALIMENTOS DEL
P93;REACCIONES E INTOXICACIONES DEBIDAS A DROGAS
P94;TRASTORNOS DEL TONO MUSCULAR EN EL RECIEN, NACIDO
P95;MUERTE FETAL DE CAUSA NO ESPECIFICADA
P96;OTRAS AFECCIONES ORIGINADAS EN EL PERIODO, PERINATAL
Q00;ANENCEFALIA Y MALFORMACIONES CONGENITAS, SIMILARES
Q01;ENCEFALOCELE
Q02;MICROCEFALIA
Q03;HIDROCEFALO CONGENITO
Q04;OTRAS MALFORMACIONES CONGENITAS DEL, ENCEFALO
Q05;ESPINA BIFIDA
Q06;OTRAS MALFORMACIONES CONGENITAS DE LA MEDULA, ESPINAL
Q07;OTRAS MALFORMACIONES CONGENITAS DEL SISTEMA NERVIOSO
Q10;MALFORMACIONES CONGENITAS DE LOS PARPADOS,
Q11;ANOFTALMIA, MICROFTALMIA Y MACROFTALMIA
Q12;MALFORMACIONES CONGENITAS DEL CRISTALINO
Q13;MALFORMACIONES CONGENITAS DEL SEGMENTO
Q14;MALFORMACIONES CONGENITAS DEL SEGMENTO
Q15;OTRAS MALFORMACIONES CONGENITAS DEL OJO
Q16;MALFORMACIONES CONGENITAS DEL OIDO QUE
Q17;OTRAS MALFORMACIONES CONGENITAS DEL OIDO
Q18;OTRAS MALFORMACIONES CONGENITAS DE LA CARA Y
Q20;MALFORMACIONES CONGENITAS DE LAS CAMARAS
Q21;MALFORMACIONES CONGENITAS DE LOS TABIQUES, CARDIACOS
Q22;MALFORMACIONES CONGENITAS DE LAS VALVULAS
Q23;MALFORMACIONES CONGENITAS DE LAS VALVULAS
Q24;OTRAS MALFORMACIONES CONGENITAS DEL CORAZON
Q25;MALFORMACIONES CONGENITAS DE LAS GRANDES, ARTERIAS
Q26;MALFORMACIONES CONGENITAS DE LAS GRANDES, VENAS
Q27;OTRAS MALFORMACIONES CONGENITAS DEL SISTEMA
Q28;OTRAS MALFORMACIONES CONGENITAS DEL SISTEMA
Q30;MALFORMACIONES CONGENITAS DE LA NARIZ
Q31;MALFORMACIONES CONGENITAS DE LA LARINGE
Q32;MALFORMACIONES CONGENITAS DE LA TRAQUEA Y DE
Q33;MALFORMACIONES CONGENITAS DEL PULMON
Q34;OTRAS MALFORMACIONES CONGENITAS DEL SISTEMA
Q35;FISURA DEL PALADAR
Q36;LABIO LEPORINO
Q37;FISURA DEL PALADAR CON LABIO LEPORINO
Q38;OTRAS MALFORMACIONES CONGENITAS DE LA LENGUA, DE LA BOCA Y DE LA FARINGE
Q39;MALFORMACIONES CONGENITAS DEL ESOFAGO
Q40;OTRAS MALFORMACIONES CONGENITAS DE LA PARTE
Q41;AUSENCIA, ATRESIA Y ESTENOSIS CONGENITA DEL
Q42;AUSENCIA, ATRESIA Y ESTENOSIS CONGENITA DEL
Q43;OTRAS MALFORMACIONES CONGENITAS DEL, INTESTINO
Q44;MALFORMACIONES CONGENITAS DE LA VESICULA
Q45;OTRAS MALFORMACIONES CONGENITAS DEL SISTEMA, DIGESTIVO
Q50;MALFORMACIONES CONGENITAS DE LOS OVARIOS, DE
Q51;MALFORMACIONES CONGENITAS DEL UTERO Y DEL
Q52;OTRAS MALFORMACIONES CONGENITAS DE LOS
Q53;TESTICULO NO DESCENDIDO
Q54;HIPOSPADIAS
Q55;OTRAS MALFORMACIONES CONGENITAS DE LOS
Q56;SEXO INDETERMINADO Y SEUDOHERMAFRODITISMO
Q60;AGENESIA RENAL Y OTRAS MALFORMACIONES
Q61;ENFERMEDAD QUISTICA DEL RINON
Q62;DEFECTOS OBSTRUCTIVOS CONGENITOS DE LA PELVIS
Q63;OTRAS MALFORMACIONES CONGENITAS DEL RIÑON
Q64;OTRAS MALFORMACIONES CONGENITAS DEL SISTEMA, URINARIO
Q65;DEFORMIDADES CONGENITAS DE LA CADERA
Q66;DEFORMIDADES CONGENITAS DE LOS PIES
Q67;DEFORMIDADES OSTEOMUSCULARES CONGENITAS DE
Q68;OTRAS DEFORMIDADES OSTEOMUSCULARES, CONGENITAS
Q69;POLIDACTILIA
Q70;SINDACTILIA
Q71;DEFECTOS POR REDUCCION DEL MIEMBRO SUPERIOR
Q72;DEFECTOS POR REDUCCION DEL MIEMBRO INFERIOR
Q73;DEFECTOS POR REDUCCION DE MIEMBRO NO, ESPECIFICADO
Q74;OTRAS ANOMALIAS CONGENITAS DEL (DE LOS), MIEMBRO(S)
Q75;OTRAS MALFORMACIONES CONGENITAS DE LOS
Q76;MALFORMACIONES CONGENITAS DE LA COLUMNA
Q77;OSTEOCONDRODISPLASIA CON DEFECTO DEL
Q78;OTRAS OSTEOCONDRODISPLASIAS
Q79;MALFORMACIONES CONGENITAS DEL SISTEMA
Q80;ICTIOSIS CONGENITA
Q81;EPIDERMOLISIS BULLOSA
Q82;OTRAS MALFORMACIONES CONGENITAS DE LA PIEL
Q83;MALFORMACIONES CONGENITAS DE LA MAMA
Q84;OTRAS MALFORMACIONES CONGENITAS DE LAS, FANERAS
Q85;FACOMATOSIS NO CLASIFICADAS EN OTRA PARTE
Q86;SINDROMES DE MALFORMACIONES CONGENITAS
Q87;OTROS SINDROMES DE MALFORMACIONES, CONGENITAS ESPECIFICADOS QUE AFECTAN
Q89;OTRAS MALFORMACIONES CONGENITAS NO
Q90;SINDROME DE DOWN
Q91;SINDROME DE EDWARDS Y SINDROME DE PATAU
Q92;OTRAS TRISOMIAS Y TRISOMIAS PARCIALES DE LOS
Q93;MONOSOMIAS Y SUPRESIONES DE LOS AUTOSOMAS,, NO CLASIFICADAS EN OTRA PARTE
Q95;REORDENAMIENTOS EQUILIBRADOS Y MARCADORES
Q96;SINDROME DE TURNER
Q97;OTRAS ANOMALIAS DE LOS CROMOSOMAS SEXUALES,
Q98;OTRAS ANOMALIAS DE LOS CROMOSOMAS SEXUALES,
Q99;OTRAS ANOMALIAS CROMOSOMICAS NO CLASIFICADAS
R00;ANORMALIDADES DEL LATIDO CARDIACO
R01;SOPLOS Y OTROS SONIDOS CARDIACOS
R02;GANGRENA NO CLASIFICADA EN OTRA PARTE
R03;LECTURA DE PRESION SANGUINEA ANORMAL, SIN, DIAGNOSTICO
R04;HEMORRAGIAS DE LAS VIAS RESPIRATORIAS
R05;TOS
R06;ANORMALIDADES DE LA RESPIRACION
R07;DOLOR DE GARGANTA Y EN EL PECHO
R09;OTROS SINTOMAS Y SIGNOS QUE INVOLUCRAN LOS
R10;DOLOR ABDOMINAL Y PELVICO
R11;NAUSEA Y VOMITO
R12;ACIDEZ
R13;DISFAGIA
R14;FLATULENCIA Y AFECCIONES AFINES
R15;INCONTINENCIA FECAL
R16;HEPATOMEGALIA Y ESPLENOMEGALIA NO
R17;ICTERICIA NO ESPECIFICADA
R18;ASCITIS
R19;OTROS SINTOMAS Y SIGNOS QUE INVOLUCRAN EL
R20;ALTERACIONES DE LA SENSIBILIDAD CUTANEA
R21;SALPULLIDO Y OTRAS ERUPCIONES CUTANEAS
R22;TUMEFACCION, MASA O PROMINENCIA DE LA PIEL Y DEL
R23;OTROS CAMBIOS EN LA PIEL
R25;MOVIMIENTOS INVOLUNTARIOS ANORMALES
R26;ANORMALIDADES DE LA MARCHA Y DE LA MOVILIDAD
R27;OTRAS FALLAS DE COORDINACION
R29;OTROS SINTOMAS Y SIGNOS QUE INVOLUCRAN LOS
R30;DOLOR ASOCIADO CON LA MICCION
R31;HEMATURIA NO ESPECIFICADA
R32;INCONTINENCIA URINARIA (ENURESIS)
R33;RETENCION DE ORINA
R34;ANURIA Y OLIGURIA
R35;POLIURIA
R36;DESCARGA URETRAL
R39;OTROS SINTOMAS Y SIGNOS QUE INVOLUCRAN EL
R40;SOMNOLENCIA, ESTUPOR Y COMA
R41;OTROS SINTOMAS Y SIGNOS QUE INVOLUCRAN LA
R42;MAREO Y DESVANECIMIENTO
R43;TRASTORNOS DEL OLFATO Y DEL GUSTO
R44;OTROS SINTOMAS Y SIGNOS QUE INVOLUCRAN LAS
R45;SINTOMAS Y SIGNOS QUE INVOLUCRAN EL ESTADO, EMOCIONAL
R46;SINTOMAS Y SIGNOS QUE INVOLUCRAN LA APARIENCIA
R47;ALTERACIONES DEL HABLA NO CLASIFICADAS EN OTRA, PARTE
R48;DISLEXIA Y OTRAS DISFUNCIONES SIMBOLICAS NO
R49;ALTERACIONES DE LA VOZ
R50;FIEBRE DE ORIGEN DESCONOCIDO (FOD)
R51;CEFALEA
R52;DOLOR NO CLASIFICADAS EN OTRA PARTE
R53;MALESTAR Y FATIGA
R54;SENILIDAD
R55;SINCOPE Y COLAPSO
R56;CONVULSIONES NO CLASIFICADAS EN OTRA PARTE
R57;CHOQUE NO CLASIFICADO EN OTRA PARTE
R58;HEMORRAGIA (EQUIMOSIS)
R59;ADENOMEGALIA
R60;EDEMA NO CLASIFICADO EN OTRA PARTE
R61;HIPERHIDROSIS (SUDOR)
R62;FALTA DEL DESARROLLO FISIOLOGICO NORMAL, ESPERADO
R63;SINTOMAS Y SIGNOS QUE INVOLUCRAN
R64;CAQUEXIA
R68;OTROS SINTOMAS Y SIGNOS GENERALES
R69;CAUSAS DE MORBILIDAD DESCONOCIDAS Y NO, ESPECIFICADAS
R70;VELOCIDAD DE ERITROSEDIMENTACION ELEVADA Y
R71;ANORMALIDAD DE LOS ERITROCITOS
R72;ANORMALIDADES DE LOS LEUCOCITOS
R73;NIVEL ELEVADO DE GLUCOSA EN SANGRE
R74;NIVEL ANORMAL DE ENZIMAS EN SUERO
R75;EVIDENCIAS DE LABORATORIO DEL VIRUS DE LA, INMUNODEFICIENCIA HUMANA [VIH]
R76;OTROS HALLAZGOS INMUNOLOGICOS ANORMALES EN, SUERO
R77;OTRAS ANORMALIDADES DE LAS PROTEINAS, PLASMATICAS
R78;HALLAZGOS DE DROGAS Y OTRAS SUSTANCIAS QUE
R79;OTROS HALLAZGOS ANORMALES EN LA QUIMICA, SANGUINEA
R80;PROTEINURIA AISLADA
R81;GLUCOSURIA
R82;OTROS HALLAZGOS ANORMALES EN LA ORINA
R83;HALLAZGOS ANORMALES EN EL LIQUIDO, CEFALORRAQUIDEO
R84;HALLAZGOS ANORMALES EN MUESTRAS TOMADAS DE, ORGANOS RESPIRATORIOS Y TORACICOSS
R85;HALLAZGOS ANORMALES EN MUESTRAS TOMADAS DE, ORGANOS DIGESTIVOS Y DE LA CAVIDAD ABDOMINAL
R86;HALLAZGOS ANORMALES EN MUESTRAS TOMADAS DE, ORGANOS GENITALES MASCULINOS
R87;HALLAZGOS ANORMALES EN MUESTRAS TOMADAS DE, ORGANOS GENITALES FEMENINOS
R89;HALLAZGOS ANORMALES EN MUESTRAS TOMADAS DE, OTROS ORGANOS, SISTEMAS Y TEJIDOS
R90;HALLAZGOS ANORMALES EN DIAGNOSTICO POR
R91;HALLAZGOS ANORMALES EN DIAGNOSTICO POR, IMAGEN DEL PULMON
R92;HALLAZGOS ANORMALES EN DIAGNOSTICO POR, IMAGEN DE LA MAMA
R93;HALLAZGOS ANORMALES EN DIAGNOSTICO POR, IMAGEN DE OTRAS ESTRUCTURAS DEL CUERPO
R94;RESULTADOS ANORMALES DE ESTUDIOS FUNCIONALES
R95;SINDROME DE LA MUERTE SUBITA INFANTIL
R96;OTRAS MUERTES SUBITAS DE CAUSA DESCONOCIDA
R98;MUERTE SIN ASISTENCIA
R99;OTRAS CAUSAS MAL DEFINIDAS Y LAS NO, ESPECIFICADAS DE MORTALIDAD
S00;TRAUMATISMO SUPERFICIAL DE LA CABEZA
S01;HERIDA DE LA CABEZA
S02;FRACTURA DE HUESOS DEL CRANEO Y DE LA CARA
S03;LUXACION, ESGUINCE Y TORCEDURA DE
S04;TRAUMATISMO DE NERVIOS CRANEALES
S05;TRAUMATISMO DEL OJO Y DE LA ORBITA
S06;TRAUMATISMO INTRACRANEAL
S07;TRAUMATISMO POR APLASTAMIENTO DE LA CABEZA
S08;AMPUTACION TRAUMATICA DE PARTE DE LA CABEZA
S09;OTROS TRAUMATISMO Y LOS NO ESPECIFICADOS DE, CABEZA
S10;TRAUMATISMO SUPERFICIAL DEL CUELLO
S11;HERIDA DEL CUELLO
S12;FRACTURA DEL CUELLO
S13;LUXACION, ESGUINCE Y TORCEDURA DE
S14;TRAUMATISMO DE LA MEDULA ESPINAL Y DE NERVIOS A
S15;TRAUMATISMO DE VASOS SANGUINEOS A NIVEL DEL, CUELLO
S16;TRAUMATISMO DE TENDON Y MUSCULOS A NIVEL DEL, CUELLO
S17;TRAUMATISMO POR APLASTAMIENTO DEL CUELLO
S18;AMPUTACION TRAUMATICA A NIVEL DEL CUELLO
S19;OTROS TRAUMATISMOS Y LOS NO ESPECIFICADOS DEL, CUELLO
S20;TRAUMATISMO SUPERFICIAL DEL TORAX
S21;HERIDA DEL TORAX
S22;FRACTURA DE LAS COSTILLAS, DEL ESTERNON Y DE LA
S23;LUXACION, ESGUINCE Y TORCEDURA DE
S24;TRAUMATISMO DE NERVIOS Y DE LA MEDULA ESPINAL A
S25;TRAUMATISMO DE LOS VASOS SANGUINEOS DEL, TORAX
S26;TRAUMATISMO DEL CORAZON
S27;TRAUMATISMODE OTROS ORGANOS INTRATORACICOS
S28;TRAUMATISMO POR APLASTAMIENTO DEL TORAX Y
S29;OTROS TRAUMATISMOS Y LOS NO ESPECIFICADOS DEL, TORAX
S30;TRAUMATISMO SUPERFICIAL DEL ABDOMEN, DE LA
S31;HERIDA DEL ABDOMEN, DE LA REGION LUMBOSACRA Y
S32;FRACTURA DE LA COLUMNA LUMBAR Y DE LA PELVIS
S33;LUXACION, ESGUINCE Y TORCEDURA DE
S34;TRAUMATISMODE LOS NERVIOS Y DE LA MEDULA
S35;TRAUMATISMO DE LOS VASOS SANGUINEOS A NIVEL
S36;TRAUMATISMO DE ORGANOS INTRAABDOMINALES
S37;TRAUMATISMO DEL APARATO URINARIO Y DE LOS
S38;TRAUMATISMO POR APLASTAMIENTO Y AMPUTACION
S39;OTROS TRAUMATISMOS Y LOS NO ESPECIFICADOS DEL, ABDOMEN, DE LA REGION LUMBOSACRA Y DE LA PELVIS
S40;TRAUMATISMO SUPERFICIAL DEL HOMBRO Y DEL, BRAZO
S41;HERIDA DEL HOMBRO Y DEL BRAZO
S42;FRACTURA DEL HOMBRO Y DEL BRAZO
S43;LUXACION, ESGUINCE Y TORCEDURA DE
S44;TRAUMATISMO DE NERVIOS A NIVEL DEL HOMBRO Y, DEL BRAZO
S45;TRAUMATISMO DE VASOS SANGUINEOS A NIVEL DEL
S46;TRAUMATISMO TENDON Y MUSCULO A NIVEL DEL
S47;TRAUMATISMO POR APLASTAMIENTO DEL HOMBRO Y DEL BRAZO
S48;AMPUTACION TRAUMATICA DEL HOMBRO Y DEL BRAZO
S49;OTROS TRAUMATISMOS Y LOS NO ESPECIFICADOS DEL
S50;TRAUMATISMO SUPERFICIAL DEL ANTEBRAZO Y DEL, CODO
S51;HERIDA DEL ANTEBRAZO Y DEL CODO
S52;FRACTURA DEL ANTEBRAZO
S53;LUXACION, ESGUINCE Y TORCEDURA DE
S54;TRAUMATISMO DE NERVIOS A NIVEL DEL ANTEBRAZO
S55;TRAUMATISMO DE LOS VASOS SANGUIN A NIVEL DEL, ANTEBRAZO
S56;TRAUMATISMO DEL TENDON Y MUSCULO A NIVEL DEL, ANTEBRAZO
S57;TRAUMATISMO POR APLASTAMIENTO DEL ANTEBRAZO
S58;AMPUTACION TRAUMATICA DEL ANTEBRAZO
S59;OTROS TRAUMATISMOS Y LOS NO ESPECIFICADOS DEL
S60;TRAUMATISMO SUPERFICIAL DE LA MUNECA Y DE LA, MANO
S61;HERIDA DE LA MUNECA Y DE LA MANO
S62;FRACTURA A NIVEL DE LA MUNECA Y DE LA MANO
S63;LUXACION, ESGUINCE Y TORCEDURA DE
S64;TRAUMATISMO DE NERVIOS A NIVEL DE LA MUNECA Y
S65;TRAUMATISMO DE LOS VASOS SANGUINEOS A NIVEL DE
S66;TRAUMATISMO DE TENDON Y MUSCULO A NIVEL DE LA, MUNECA Y DE LA MANO
S67;TRAUMATISMO POR APLASTAMIENTO DE LA MUNECA Y
S68;AMPUTACION TRAUMATICA DE LA MUNECA Y DE LA, MANO
S69;OTROS TRAUMATISMO Y NO ESPECIFICADOS DE LA
S70;TRAUMATISMO SUPERFICIAL DE LA CADERA Y DEL, MUSLO
S71;HERIDA DE LA CADERA Y DEL MUSLO
S72;FRACTURA DEL FEMUR
S73;LUXACION, ESGUINCE Y TORCEDURA DE LA
S74;TRAUMATISMO DE NERVIOS A NIVEL DE LA CADERA Y DEL MUSLO
S75;TRAUMATISMO DE VASOS SANGUINEOS A DE LA NIVEL
S76;TRAUMATISMO DE TENDON Y MUSCULO A NIVEL DE LA
S77;TRAUMATISMO APLASTAMIENTO DE LA CADERA Y DEL, MUSLO
S78;AMPUTACION TRAUMATICA DE LA CADERA Y DEL, MUSLO
S79;OTROS TRAUMATISMO Y LOS NO ESPECIFICADOS DE LA
S80;TRAUMATISMO SUPERFICIAL DE LA PIERNA
S81;HERIDA DE LA PIERNA
S82;FRACTURA PIERNA, INCLUSIVE EL TOBILLO
S83;LUXACION, ESGUINCE Y TORCEDURA DE
S84;TRAUMATISMO DE NERVIOS A NIVEL DE LA PIERNA
S85;TRAUMATISMO DE VASOS SANGUINEOS A NIVEL DE LA, PIERNA
S86;TRAUMATISMO DE TENDON Y MUSCULO A NIVEL DE LA, PIERNA
S87;TRAUMATISMO POR APLASTAMIENTO DE LA PIERNA
S88;AMPUTACION TRAUMATICA DE LA PIERNA
S89;OTROS TRAUMATISMOS Y LOS NO ESPECIFICADOS DE, LA PIERNA
S90;TRAUMATISMO SUPERFICIAL DEL TOBILLO Y DEL PIE
S91;HERIDA DEL TOBILLO Y DEL PIE
S92;FRACTURA DEL PIE, EXCEPTO DEL TOBILLO
S93;LUXACION, ESGUINCE Y TORCEDURA DE
S94;TRAUMATISMO NERVIOSO A NIVEL DEL PIE Y DEL TOBILLO
S95;TRAUMATISMO DE VASOS SANGUINEOS A NIVEL DEL
S96;TRAUMATISMO DE TENDON Y MUSCULO A NIVEL DEL, TOBILLO Y DEL PIE
S97;TRAUMATISMO POR APLASTAMIENTO DEL PIE Y DEL, TOBILLO
S98;AMPUTACION TRAUMATICA DEL PIE Y DEL TOBILLO
S99;OTROS TRAUMATISMO Y LOS NO ESPECIFICADOS DEL
T00;TRAUMATISMOS SUPERFICIALES QUE AFECTAN
T01;HERIDAS QUE AFECTAN MULTIPLES REGIONES DEL, CUERPO
T02;FRACTURAS QUE AFECTAN MULTIPLES REGIONES DEL, CUERPO
T03;LUXACIONES, TORCEDURAS Y ESGUINCES QUE, AFECTAN MULTIPLES REGIONES DEL CUERPO
T04;TRAUMATISMOS POR APLASTAMIENTO QUE AFECTAN
T05;AMPUTACIONES TRAUMATICAS QUE AFECTAN
T06;OTROS TRAUMATISMOS QUE AFECTAN MULTIPLES, REGIONES DEL CUERPO NO CLASIFICADAS EN OTRA
T07;TRAUMATISMOS MULTIPLES NO ESPECIFICADOS
T08;FRACTURA DE LA COLUMNA VERTEBRAL, NIVEL NO
T09;OTROS TRAUMATISMOS DE LA COLUMNA VERTEBRAL Y
T10;FRACTURA DE MIEMBRO SUPERIOR, NIVEL NO, ESPECIFICADO
T11;OTROS TRAUMATISMOS DE MIEMBRO SUPERIOR, NIVEL
T12;FRACTURA DE MIEMBRO INFERIOR, NIVEL NO ESPECIFICADO
T13;OTROS TRAUMATISMOS DE MIEMBRO INFERIOR, NIVEL
T14;TRAUMATISMO DE REGIONES NO ESPECIFICADAS DEL CUERPO
T15;CUERPO EXTRANO EN PARTE EXTERNA DEL OJO
T16;CUERPO EXTRANO EN EL OIDO
T17;CUERPO EXTRANO EN LAS VIAS RESPIRATORIAS
T18;CUERPO EXTRANO EN EL TUBO DIGESTIVO
T19;CUERPO EXTRANO EN LAS VIAS GENITOURINARIAS
T20;QUEMADURA Y CORROSION DE LA CABEZA Y CUELLO
T21;QUEMADURA Y CORROSION DEL TRONCO
T22;QUEMADURA Y CORROSION DEL HOMBRO Y DEL, MIEMBRO SUPERIOR, EXCEPTO DE LA MUÑECA Y DE LA
T23;QUEMADURA Y CORROSION DE LA MUNECA Y DE LA, MANO
T24;QUEMADURA Y CORROSION DE LA CADERA Y MIEMBRO, INFERIOR, EXCEPTO TOBILLO Y PIE
T25;QUEMADURA Y CORROSION DEL TOBILLO Y DEL PIE
T26;QUEMADURA Y CORROSION LIMITADA AL OJO Y SUS, ANEXOS
T27;QUEMADURA Y CORROSION DE LAS VIAS, RESPIRATORIAS
T28;QUEMADURA Y CORROSION DE OTROS ORGANOS, INTERNOS
T29;QUEMADURA Y CORROSION DE MULTIPLES REGIONES
T30;QUEMADURA Y CORROSION, REGION DEL CUERPO NO
T31;QUEMADURAS CLASIFICADAS SEGUN LA EXTENSION DE
T32;CORROSIONES CLASIFICADAS SEGUN LA EXTENSION
T33;CONGELAMIENTO SUPERFICIAL
T34;CONGELAMIENTO CON NECROSIS TISULAR
T35;CONGELAMIENTO QUE AFECTA MULTIPLES REGIONES
T36;ENVENENAMIENTO POR ANTIBIOTICOS SISTEMICOS
T37;ENVENENAMIENTO POR OTROS ANTIINFECCIOSOS Y, ANTIPARASITARIOS SISTEMICOS
T38;ENVENENAMIENTO POR HORMONAS Y SUS SUSTITUTOS Y ANTAGONISTAS SINTETICOS NO CLASIFICADOS EN OTRA PARTE
T39;ENVENENAMIENTO POR ANALGESICOS NO, NARCOTICOS, ANTIPIRETICOS Y ANTIRREUMATICOS
T40;ENVENENAMIENTO POR NARCOTICOS Y, PSICODISLEPTICOS
T41;ENVENENAMIENTO POR ANESTESICOS Y GASES, TERAPEUTICOS
T42;ENVENENAMIENTO POR ANTIEPILEPTICOS, HIPNOTICO-, SEDANTES Y DROGAS ANTIPARKINSONIANAS
T43;ENVENENAMIENTO POR PSICOTROPICOS NO, CLASIFICADOS EN OTRA PARTE
T44;ENVENENAMIENTO POR DROGAS QUE AFECTAN, PRINCIPALMENTE EL SISTEMA NERVIOSO AUTONOMO
T45;ENVENENAMIENTO POR AGENTES PRINCIPALMENTE SISTEMICOS Y HEMATOLOGICOS NO CLASIFICADOS EN, OTRA PARTE
T46;ENVENENAMIENTO POR AGENTES QUE AFECTAN PRINCIPALMENTE EL SISTEMA CARDIOVASCULAR
T47;ENVENENAMIENTO POR AGENTES QUE AFECTAN, PRINCIPALMENTE EL SISTEMA GASTROINTESTINAL
T48;ENVENENAMIENTO POR AGENTES CON ACCION PRINCIPAL SOBRE LOS MUSCULOS LISOS Y, ESQUELETICOS Y SOBRE EL SISTEMA RESPIRATORIO
T49;ENVENENAMIENTO POR AGENTES TOPICOS QUE AFECTAN PRINCIPALMENTE LA PIEL Y LAS MEMBRANAS MUCOSAS Y POR DROGAS OFTALMOLOGICAS OTORRINOLARINGOLOGAS Y DENTALES
T50;ENVENENAMIENTO POR DIURETICOS Y OTRAS DROGAS, MEDICAMENTOS Y SUSTANCIAS BIOLOGICAS NO ESPECIFICADAS
T51;EFECTO TOXICO DEL ALCOHOL
T52;EFECTO TOXICO DE DISOLVENTES ORGANICOS
T53;EFECTO TOXICO DE LOS DERIVADOS HALOGENADOS, DE LOS HIDROCARBUROS ALIFATICOS Y AROMATICOS
T54;EFECTO TOXICO DE SUSTANCIAS CORROSIVAS
T55;EFECTO TOXICO DE DETERGENTES Y JABONES
T56;EFECTO TOXICO DE METALES
T57;EFECTO TOXICO DE OTRAS SUSTANCIAS INORGANICAS
T58;EFECTO TOXICO DEL MONOXIDO DE CARBONO
T59;EFECTO TOXICO DE OTROS GASES, HUMOS Y VAPORES
T60;EFECTO TOXICO DE PLAGUICIDAS [PESTICIDAS]
T61;EFECTO TOXICO DE SUSTANCIAS NOCIVAS INGERIDAS, COMO ALIMENTOS MARINOS
T62;EFECTO TOXICO DE OTRAS SUSTANCIAS NOCIVAS, INGERIDAS COMO ALIMENTO
T63;EFECTO TOXICO DEL CONTACTO CON ANIMALES, VENENOSOS
T64;EFECTO TOXICO DE AFLATOXINA Y OTRAS, MICOTOXINAS
T65;EFECTO TOXICO DE OTRAS SUSTANCIAS Y LAS NO
T66;EFECTOS NO ESPECIFICADOS DE LA RADIACION
T67;EFECTOS DEL CALOR Y DE LA LUZ
T68;HIPOTERMIA
T69;OTROS EFECTOS DE LA REDUCCION DE LA, TEMPERATURA
T70;EFECTOS DE LA PRESION DEL AIRE Y DEL AGUA
T71;ASFIXIA
T73;EFECTOS DE OTRAS PRIVACIONES
T74;SINDROMES DEL MALTRATO
T75;EFECTOS DE OTRAS CAUSAS EXTERNAS
T78;EFECTOS ADVERSOS NO CLASIFICADOS EN OTRA, PARTE
T79;ALGUNAS COMPLICACIONES PRECOCES DE
T80;COMPLICACIONES CONSECUTIVAS A INFUSION,, TRANSFUS E INYECCION TERAPEUTICA
T81;COMPLICACIONES DE PROCEDIMIENTOS NO, CLASIFICADAS EN OTRA PARTE
T82;COMPLICACIONES DE DISPOSITIVOS PROTESICOS,
T83;COMPLICACIONES DE DISPOSITIVOS, IMPLANTES E
T84;COMPLICACIONES DE DISPOSITIVOS PROTESICOS,
T85;COMPLICACIONES DE DISPOSITIVOS PROTESICOS,, IMPLANTES E INJERTOS INTERNOS
T86;FALLA Y RECHAZO DEL TRASPLANTE DE ORGANOS Y, TEJIDOS
T87;COMPLICACIONES PECULIARES DE LA REINSERSION Y
T88;OTRAS COMPLICACIONES DE LA ATENCION MEDICA Y
T90;SECUELAS DE TRAUMATISMOS DE LA CABEZA
T91;SECUELAS DE TRAUMATISMOS DEL CUELLO Y DEL, TRONCO
T92;SECUELAS DE TRAUMATISMOS DE MIEMBRO SUPERIOR
T93;SECUELAS DE TRAUMATISMOS DE MIEMBRO INFERIOR
T94;SECUELAS DE TRAUMATISMOS QUE AFECTAN
T95;SECUELAS DE QUEMADURAS, CORROSIONES Y
T96;SECUELAS DE ENVENENAMIENTOS POR DROGAS,, MEDICAMENTOS Y SUSTANCIAS BIOLOGICAS
T97;SECUELAS DE EFECTOS TOXICOS DE SUSTANCIAS DE, PROCEDENCIA NO MEDICINAL
T98;SECUELAS DE OTROS EFECTOS Y LOS NO ESPECIFICADOS DE CAUSAS EXTERNAS
V01;PEATON LESIONADO POR COLISION CON VEHICULO DE, PEDAL
V02;PEATON LESIONADO POR COLISION CON VEHICULO DE, DOS O TRES RUEDAS
V03;PEATON LESIONADO POR COLISION CON AUTOMOVIL, CAMIONETA FURGONETA
V04;PEATON LESIONADO POR COLISION CON VEHICULO DE, TRANSPORTE PESADO O AUTOBUS
V05;PEATON LESIONADO POR COLISION CON TREN O, VEHICULO DE RIELES
V06;PEATON LESIONADO POR COLISION CON OTROS, VEHICULO SIN MOTOR
V09;PEATON LESIONADO EN OTROS ACCIDENTES DE, TRANSPORTE, Y EN LOS NO ESPECIFICADOS
V10;CICLISTA LESIONADO POR COLISION CON PEATON O, ANIMAL
V11;CICLISTA LESIONADO POR COLISION CON OTRO, CICLISTA
V12;CICLISTA LESIONADO POR COLISION CON VEHICULO DE, DOS O TRE RUEDAS
V13;CICLISTA LESIONADO POR COLISION CON AUTOMOVIL,, CAMIONETA O FURGONETA
V14;CICLISTA LESIONADO POR COLISION CON VEHICULO DE, TRANSPORTE PESADO O BUS
V15;CICLISTA LESIONADO POR COLISION CON TREN O, VEHICULO DE RIELES
V16;CICLISTA LESIONADO POR COLISION CON OTROS, VEHICULO SIN MOTOR
V17;CICLISTA LESIONADO POR COLISION CON OBJETO, ESTACIONADO O FIJO
V18;CICLISTA LESIONADO EN ACCIDENTE DE TRANSPORTE
V19;CICLISTA LESIONADO EN OTROS ACCIDENTES DE TRANSPORTE Y EN LOS NO ESPECIFICADOS
V20;MOTOCICLISTA LESIONADO POR COLISION CON PEATON O ANIMAL
V21;MOTOCICLISTA LESIONADO POR COLISION CON, VEHICULO DE PEDAL
V22;MOTOCICLISTA LESIONADO POR COLISION CON, VEHICULO DE DOS O TRES RUEDAS
V23;MOTOCICLISTA LESIONADO POR COLISION CON AUTOMOVIL CAMIONETA O FURGONETAA
V24;MOTOCICLISTA LESIONADO POR COLISION CON, VEHICULO DE TRANSPORTE PESADO O BUS
V25;MOTOCICLISTA LESIONADO POR COLISION CON TREN O, VEHICULO DE RIELES
V26;MOTOCICLISTA LESIONADO POR COLISION CON OTROS, VEHICULO SIN MOTOR
V27;MOTOCICLISTA LESIONADO POR COLISION CON OBJETO, FIJO O ESTACIONADO
V28;MOTOCICLISTA LESIONADO ACCIDENTE TRANSPORTE
V29;MOTOCICLISTA LESIONADO EN OTROS ACCIDENTES DE, TRANSPORTE Y EN LOS NO ESPECIFICADOS
V30;OCUPANTE DE VEHICULO DE MOTOR DE TRES RUEDAS, LESIONADO POR COLISION CON PEATON O ANIMAL
V31;OCUPANTE DE VEHICULO DE MOTOR DE TRES RUEDAS LESIONADO POR COLISION CON VEHICULO DE PEDAL
V32;OCUPANTE DE VEHICULO DE MOTOR DE TRES RUEDAS LESIONADO POR COLISION CON VEHICULO DE MOTOR, DE DOS O TRES RUEDAS
V33;OCUPANTE DE VEHICULO DE MOTOR DE TRES RUEDAS LESIONADO POR COLISION CON AUTOMOVIL,, CAMIONETA O FURGONETA
V34;OCUPANTE DE VEHICULO DE MOTOR DE TRES RUEDAS LESIONADO POR COLISION CON VEHICULO DE, TRANSPORTE PESADO O AUTOBUS
V35;OCUPANTE DE VEHICULO DE MOTOR DE TRES RUEDAS LESIONADO POR COLISION CON TREN O VEHICULO DE RIELES
V36;OCUPANTE DE VEHICULO DE MOTOR DE TRES RUEDAS POR COLISION CON OTRO VEHICULO SIN MOTOR
V37;OCUPANTE DE VEHICULO DE MOTOR DE TRES RUEDAS LESIONADO POR COLISION CON OBJETO FIJO O, ESTACIONADO
V38;OCUPANTE DE VEHICULO DE MOTOR DE TRES RUEDAS LESIONADO EN ACCIDENTE DE TRANSITO SIN COLISION
V39;OCUPANTE DE VEHICULO DE MOTOR DE TRES RUEDAS LESIONADO EN OTROS ACCIDENTES Y EN LOS NO, ESPECIFICADOS
V40;OCUPANTE DE AUTOMOVIL LESIONADO POR COLISION, CON PEATON O ANIMAL
V41;OCUPANTE DE AUTOMOVIL LESIONADO POR COLISION, CON VEHICULO DE PEDAL
V42;OCUPANTE DE AUTOMOVIL LESIONADO POR COLISION CON VEHICULO DE MOTOR DE DOS O TRES RUEDAS
V43;OCUPANTE DE AUTOMOVIL LESIONADO POR COLISION CON AUTO CAMIONETA O FURGONETA
V44;OCUPANTE DE AUTOMOVIL LESIONADO POR COLISION CON VEHICULO DE TRANSPORTE PESADO O AUTOBUS
V45;OCUPANTE DE AUTOMOVIL LESIONADO POR COLISION, CON TREN O VEHICULO DE RIELES
V46;OCUPANTE DE AUTOMOVIL LESIONADO POR COLISION, CON OTRO VEHICULO SIN MOTOR
V47;OCUPANTE DE AUTOMOVIL LESIONADO POR COLISION, CON OBJETO FIJO O ESTACIONADO
V48;OCUPANTE DE AUTOMOVIL LESIONADO EN ACCIDENTE, DE TRANSPORTE SIN COLISION
V49;OCUPANTE DE AUTOMOVIL LESIONADO EN OTROS, ACCIDENTES DE TRANSPORTE, Y EN LOS NO
V50;OCUPANTE DE CAMIONETA O FURGONETA LESIONADO, POR COLISION CON PEATON O ANIMAL
V51;OCUPANTE DE CAMIONETA O FURGONETA LESIONADO, POR COLISION CON VEHICULO DE PEDAL
V52;OCUPANTE DE CAMIONETA O FURGONETA LESIONADO POR COLISION CON VEHICULO DE MOTOR DE DOS O, TRES RUEDAS
V53;OCUPANTE DE CAMIONETA O FURGONETA LESIONADO, POR COLISION CON AUTOMOVIL CAMIONETA FURGONETAA
V54;OCUPANTE DE CAMIONETA O FURGONETA LESIONADO POR COLISION CON VEHICULO DE TRANSPORTE, PESADO O AUTOBUS
V55;OCUPANTE DE CAMIONETA O FURGONETA LESIONADO, POR COLISION CON TREN O VEHICULO DE RIELES
V56;OCUPANTE DE CAMIONETA O FURGONETA LESIONADO, POR COLISION CON OTROS VEHICULOS SIN MOTOR
V57;OCUPANTE DE CAMIONETA O FURGONETA LESIONADO POR COLISION CON OBJETO ESTACIONADO FIJO
V58;OCUPANTE DE CAMIONETA O FURGONETA LESIONADO EN ACCIDENTE TRANSPORTE SIN COLISION
V59;OCUPANTE DE CAMIONETA O FURGONETA LESIONADO, EN OTROS ACCIDENTES DE TRANSPORTE, Y EN LOS NO ESPECIFICADOS
V60;OCUPANTE DE VEHICULO DE TRANSPORTE PESADO, PESADO LESIONADO POR COLISION CON PEATON O
V61;OCUPANTE DE VEHICULO DE TRANSPORTE PESADO LESIONADO POR COLISION CON VEHICULO DE PEDAL
V62;OCUPANTE DE VEHICULO DE TRANSPORTE PESADO LESIONADO POR COLISION CON VEHICULO DE MOTOR, DE DOS O TRES RUEDAS
V63;OCUPANTE DE VEHICULO DE TRANSPORTE PESADO LESIONADO POR COLISION CON AUTOMOVIL, CAMIONETA O FURGONETA
V64;OCUPANTE DE VEHICULO DE TRANSPORTE PESA LESIONADO POR COLISION CON VEHICULO DE, TRANSPORTE PESADO O AUTOBUS
V65;OCUPANTE DE VEHICULO DE TRANSPORTE PESADO, LESIONADO POR COLISION CON TREN O VEHICULO DE RIELES
V66;OCUPANTE DE VEHICULO DE TRANSPORTE PESADO LESIONADO POR COLISION CON OTRO VEHICULO SIN, MOTOR
V67;OCUPANTE DE VEHICULO DE TRANSPORTE PESADO, LESIONADO POR COLISION CON OBJETO ESTACIONADO O FIJO
V68;OCUPANTE DE VEHICULO DE TRANSPORTEANSPORTE PESADO LESIONADO ACCIDENTE TRANSPORTE SIN COLISION
V69;OCUPANTE DE VEHICULO DE TRANSPORTE PESADO, LESIONADO EN OTROS ACCIDENTES DE TRANSPORTE, Y EN LOS NO ESPECIFICADOS
V70;OCUPANTE DEUPANTE AUTOBUS LESIONADO POR, COLISION CON PEATON O ANIMAL
V71;OCUPANTE DE AUTOBUS LESIONADO POR COLISION CON VEHICULO DE PEDAL
V72;OCUPANTE DE AUTOBUS LESIONADO POR COLISION CON VEHICULO DE MOTOR DE DOS O TRES RUEDAS
V73;OCUPANTE DE AUTOBUS LESIONADO POR COLISION, CON AUTO CAMIONETA O FURGONETA
V74;OCUPANTE DE AUTOBUS LESIONADO POR COLISION CON VEHICULO DE TRANSPORTE PESADO O AUTOBUS
V75;OCUPANTE DE AUTOBUS LESIONADO POR COLISION, CON TREN O VEHICULO DE RIELES
V76;OCUPANTE DE AUTOBUS LESIONADO POR COLISION, CON OTR VEHICULO SIN MOTOR
V77;OCUPANTE DE AUTOBUS LESIONADO POR COLISION, CON OBJETO ESTACIONADO O FIJO
V78;OCUPANTE DE AUTOBUS LESIONADO ACCIDENTE, DETRANSPORTE SIN COLISION
V79;OCUPANTE DE AUTOBUS LESIONADO EN OTROS ACCIDENTES DE TRANSPORTE, Y EN LOS NO
V80;JINETE U OCUPANTE DE VEHICULO DE TRACCION ANIMAL, LESIONADO EN ACCIDENTE DE TRANSPORTE
V81;OCUPANTE DE TREN O VEHICULO DE RIELES, LESIONADO EN ACCIDENTE DE TRANSPORTE
V82;OCUPANTE DE TRANVIA LESIONADO EN ACCIDENTE DE, TRANSPORTE
V83;OCUPANTE DE VEHICULO DE USO INDUSTRIAL LESIONADO EN ACCIDENTE DE TRANSPORTE
V84;OCUPANTE DE VEHICULO DE USO AGRICOLA, LESIONADO ACCIDENTE DE TRANSPORTE
V85;OCUPANTE DE VEHICULO DE CONSTRUCCION, LESIONADO ACCIDENTE DE TRANSPORTE
V86;OCUPANTE DE VEHICULO DE TODO TERRENO LESIONADO ACCIDENTE DE TRANSPORTE
V87;ACCIDENTE DE TRANSITO MODO TRANSPORTE VICTIM, DESCONOC
V88;ACCIDENTE DE NO TRANS MODO TRANSPORTE VICTIM, DESCONOC
V89;ACCIDENTE DE TIPO DE VEHICULO NO ESPECIFICADO
V90;ACCIDENTE DE EMBARCACION QUE CAUSA, AHOGAMIENTO Y SUMERSION
V91;ACCIDENTE DE EMBARCACION QUE CAUSA OTROS, TIPOS DE TRAUMATISMO
V92;AHOGAMIENTO Y SUMERSION REALCIONADOS CON, TRANSPORTE POR AGUA, SIN ACCIDENTE DE
V93;ACCIDENTE EN UNA EMBARCACION, SIN ACCIDENTE A, LA EMBARCACION, QUE NO CAUSA AHOGAMIENTO Y
V94;OTROS ACCIDENTES DE TRANSPORTE POR AGUA, Y, LOS NO ESPECIFICADOS
V95;ACCIDENTE DE AERONAVE DE MOTOR, CON OCUPANTE
V96;ACCIDENTE DE AERONAVE SIN MOTOR, CON OCUPANTE
V97;OTROS ACCIDENTES DE TRANSPORTE AEREO, ESPECIFICADOS
V98;OTROS ACCIDENTE DE TRANSPORTE ESPECIFICADOS
V99;ACCIDENTE DE TRANSPORTE NO ESPECIFICADO
W00;CAIDA EN EL MISMO NIVEL POR HIELO O NIEVE
W01;CAIDA EN EL MISMO NIVEL POR DESLIZAMIENTO,
W02;CAIDA POR PATINES PARA HIELO, ESQUIS, PATINES DE, RUEDAS O PATINETA
W03;OTRAS CAIDAS EN EL MISMO NIVEL POR COLISION O, POR EMPUJON DE OTRA PERSONA
W04;CAIDA AL SER TRASLADADO O SOSTENIDO POR OTRAS
W05;CAIDA QUE IMPLICA SILLA DE RUEDAS
W06;CAIDA QUE IMPLICA CAMA
W07;CAIDA QUE IMPLICA SILLA
W08;CAIDA QUE IMPLICA OTRO MUEBLE
W09;CAIDA QUE IMPLICA EQUIPOS PARA JUEGOS INFANTILES
W10;CAIDA EN O DESDE ESCALERA Y ESCALONES
W11;CAIDA EN O DESDE ESCALERAS MANUALES
W12;CAIDA EN O DESDE ANDAMIO
W13;CAIDA DESDE, FUERA O A TRAVES DE UN EDIFICIO U, OTRA CONSTRUCCION
W14;CAIDA DESDE UN ARBOL
W15;CAIDA DESDE PEÑASCO
W16;SALTO O ZAMBULLIDA DENTRO DEL AGUA QUE CAUSA, OTRO TRAUMATISMO SIN SUMERSION O AHOGAMIENTO
W17;OTRAS CAIDAS DE UN NIVEL A OTRO
W18;OTRAS CAIDAS EN EL MISMO NIVEL
W19;CAIDA NO ESPECIFICADA
W20;GOLPE POR OBJETO ARROJADO, PROYECTADO O QUE, CAE
W21;GOLPE CONTRA O GOLPEADO POR EQUIPO PARA DEPORTES
W22;GOLPE CONTRA O GOLPEADO POR OTROS OBJETOS
W23;ATRAPADO, APLASTADO, TRABADO O APRETADO EN O
W24;CONTACTO TRAUMATICO CON DISPOSITIVOS DE, ELEVACION Y TRANSMISION, NO CLASIFICADAS EN
W25;CONTACTO TRAUMATICO CON VIDRIO CORTANTE
W26;CONTACTO TRAUMATICO CON CUCHILLO, ESPADA,, DAGA O PUÑAL
W27;CONTACTO TRAUMATICO CON HERRAMIENTAS
W28;CONTACTO TRAUMATICO CON CORTADORA DE
W29;CONTACTO TRAUMATICO CON OTRAS HERRAMIENTAS, MANUALES Y ARTEFACTOS DE HOGAR, CON MOTOR
W30;CONTACTO TRAUMATICO CON MAQUINARIA AGRICOLA
W31;CONTACTO TRAUMATICO CON OTRAS MAQUINARIAS Y, LAS NO ESPECIFICADAS
W32;DISPARO DE ARMA CORTA
W33;DISPARO DE RIFLE, ESCOPETA Y ARMA LARGA
W34;DISPARO CON OTRAS ARMAS FUEGO Y LAS NO, ESPECIFICADAS
W35;EXPLOSION Y ROTURA DE CALDERA
W36;EXPLOSION Y ROTURA DE CILINDRO CON GAS
W37;EXPLOSION Y ROTURA DE NEUMATICO, TUBO O, MANGUERA DE GOMA PRESURIZADA
W38;EXPLOSION Y ROTURA DE OTROS DISPOSITIVOS, PRESURIZADOS ESPECIFICADOS
W39;EXPLOSION DE FUEGOS ARTIFICIALES
W40;EXPLOSION DE OTROS MATERIALES
W41;EXPOSICION A CHORRO DE ALTA PRESION
W42;EXPOSICION AL RUIDO
W43;EXPOSICION A VIBRACIONES
W44;CUERPO EXTRAÑO QUE PENETRA POR EL OJO U
W45;CUERPO EXTRAÑO QUE PENETRA A TRAVES DE LA PIEL
W49;EXPOSICION A OTRAS FUERZAS MECANICAS INANIMADAS Y LAS NO ESPECIFICADAS
W50;APORREO, GOLPE, MORDEDURA, PATADA, RASGUÑO O, TORCEDURA INFLIGIDOS POR OTRAS PERSONAS
W51;CHOQUE O EMPELLON CONTRA OTRA PERSONA
W52;PERSONA APLASTADA, EMPUJADA O PISOTEADA POR, UNA MULTITUD O ESTAMPIDA HUMANA
W53;MORDEDURA DE RATA
W54;MORDEDURA O ATAQUE DE PERRO
W55;MORDEDURA O ATAQUE DE OTROS MAMIFEROS
W56;CONTACTO TRAUMATICO CON ANIMALES MARINOS
W57;MORDEDURA O PICADURA DE INSECTOS Y OTROS, ARTROPODOS NO VENENOSOS
W58;MORDEDURA O ATAQUE DE COCODRILO O CAIMAN
W59;MORDEDURA O APLASTAMIENTO POR OTROS REPTILES
W60;CONTACTO TRAUMATICO CON AGUIJONES, ESPINAS U, HOJAS CORTANTES DE PLANTAS
W64;EXPOSICION A OTRAS FUERZAS MECANICAS ANIMADAS, Y LAS NO ESPECIFICADAS
W65;AHOGAMIENTO Y SUMERSION MIENTRAS SE ESTA EN LA, BANERA
W66;AHOGAMIENTO Y SUMERSION CONSECUTIVOS A CAIDA
W67;AHOGAMIENTO Y SUMERSION MIENTRAS SE ESTA EN
W68;AHOGAMIENTO Y SUMERSION CONSECUTIVOS A CAIDA
W69;AHOGAMIENTO Y SUMERSION MIENTRAS SE ESTA EN, AGUAS NATURALES
W70;AHOGAMIENTO Y SUMERSION POSTERIOR A CAIDA EN, AGUAS NATURALES
W73;OTROS AHOGAMIENTOS Y SUMERSIONES ESPECIFICADOS
W74;AHOGAMIENTO Y SUMERSION NO ESPECIFICADOS
W75;SOFOCACION Y ESTRANGULAMIENTO ACCIDENTAL EN, LA CAMA
W76;OTROS ESTRANGULAMIENTOS Y AHORCAMIENTOS, ACCIDENTALES
W77;OBSTRUCCION DE LA RESPIRACION DEBIDA A, HUNDIMIENTO, CAIDA DE TIERRA U OTRAS SUSTANCIAS
W78;INHALACION DE CONTENIDOS GASTRICOS
W79;INHALACIONL E INGESTION DE ALIMENTO QUE CAUSA, OBSTRUCCION DE LAS VIAS RESPIRATORIAS
W80;INHALACION E INGESTION DE OTROS OBJETOS QUE, CAUSAN OBSTRUCCION DE LAS VIAS RESPIRATORIAS
W81;CONFINADO O ATRAPADO EN UN AMBIENTE CON BAJO, CONTENIDO DE OXIGENO
W83;OTRAS OBSTRUCCIONES ESPECIFICADAS DE LA, RESPIRACION
W84;OBSTRUCCION NO ESPECIFICADA DE LA RESPIRACION
W85;EXPOSICION A LINEAS DE TRANSMISION ELECTRICA
W86;EXPOSICION A OTRAS CORRIENTES ELECTRICAS, ESPECIFICADAS
W87;EXPOSICION A CORRIENTE ELECTRICA NO ESPECIFICADA
W88;EXPOSICION A RADIACION IONIZANTE
W89;EXPOSICION A FUENTE DE LUZ VISIBLE Y, ULTRAVIOLETA, DE ORIGEN ARTIFICIAL
W90;EXPOSICION A OTROS TIPOS DE RADIACION NO IONIZANTE
W91;EXPOSICION A RADIACION DE TIPO NO ESPECIFICADO
W92;EXPOSICION A CALOR EXCESIVO DE ORIGEN ARTIFICIAL
W93;EXPOSICION A FRIO EXCESIVO DE ORIGEN ARTIFICIAL
W94;EXPOSICION A PRESION DE AIRE ALTA BAJA Y A, CAMBIOS EN LA PRESION DE AIRE
W99;EXPOSICION A OTROS FACTORES AMBIENTALES Y A, LOS NO ESPECIFICADOS DE ORIGEN ARTIFICIAL
X00;EXPOSICION A FUEGO NO CONTROLADO EN EDIFICIO U, OTRA CONSTRUCCION
X01;EXPOSICION A FUEGO NO CONTROLADO EN LUGAR, QUE NO ES EDIFICIO U OTRA CONSTRUCCION
X02;EXPOSICION A FUEGO CONTROLADO EN EDIFICIO U, OTRA CONSTRUCCION
X03;EXPOSICION A FUEGO CONTROLADO EN LUGAR QUE, NO ES EDIFICIO U OTRA CONSTRUCCION
X04;EXPOSICION A IGNICION DE MATERIAL ALTAMENTE, INFLAMABLE
X05;EXPOSICION A IGNICION O FUSION DE ROPAS DE DORMIR
X06;EXPOSICION A IGNICION O FUSION DE OTRAS ROPAS Y
X08;EXPOSICION A OTROS HUMOS, FUEGOS O LLAMAS
X09;EXPOSICION A HUMOS FUEGOS LLAMAS NO, ESPECIFICADOS
X10;CONTACTO CON BEBIDAS, ALIMENTOS, GRASAS Y, ACEITES PARA COCINAR, CALIENTES
X11;CONTACTO CON AGUA CALIENTE CORRIENTE
X12;CONTACTO CON OTROS LIQUIDOS CALIENTES
X13;CONTACTO CON VAPOR DE AGUA Y OTROS VAPORES, CALIENTES
X14;CONTACTO CON AIRE Y GASES CALIENTES
X15;CONTACTO CON UTENSILIOS DOMESTICOS CALIENTES
X16;CONTACTO CON RADIADORES, CAÑERIAS Y, ARTEFACTOS PARA CALEFACCION, CALIENTES
X17;CONTACTO CON MAQUINAS, MOTORES Y
X18;CONTACTO CON OTROS METALES CALIENTES
X19;CONTACTO CON OTRAS SUSTANCIAS CALIENTES Y LAS, NO ESPECIFICADAS
X20;CONTACTO TRAUMATICO CON SERPIENTES Y
X21;CONTACTO TRAUMATICO CON ARAÑAS VENENOSAS
X22;CONTACTO TRAUMATICO CON ESCORPION
X23;CONTACTO TRAUMATICO CON AVISPAS, AVISPONES Y, ABEJAS
X24;CONTACTO TRAUMATICO CON CENTIPODOS Y, MIRIAPODOS VENENOSOS
X25;CONTACTO TRAUMATICO CON OTROS ARTROPODOS, VENENOSOS ESPECIFICADOS
X26;CONTACTO TRAUMATICO CON ANIMALES Y PLANTAS, MARINAS VENENOSOS
X27;CONTACTO TRAUMATICO CON OTROS ANIMALES, VENENOSOS ESPECIFICADOS
X28;CONTACTO TRAUMATICO CON OTRAS PLANTAS, VENENOSOS ESPECIFICADOS
X29;CONTACTO TRAUMATICO CON ANIMALES Y PLANTAS, VENENOSOS NO ESPECIFICADOS
X30;EXPOSICION AL CALOR NATURAL EXCESIVO
X31;EXPOSICION AL FRIO NATURAL EXCESIVO
X32;EXPOSICION A RAYOS SOLARES
X33;VICTIMA DE RAYO
X34;VICTIMA DE TERREMOTO
X35;VICTIMA DE ERUPCION VOLCANICA
X36;VICTIMA DE AVALANCHA, DERRUMBE Y OTROS, MOVIMIENTOS DE TIERRA
X37;VICTIMA DE TORMENTA CATACLISMICA
X38;VICTIMA DE INUNDACION
X39;EXPOSICION A OTRAS FUERZAS NATURALES Y LAS NO, ESPECIFICADAS
X40;ENVENENAMIENTO ACCIDENTAL POR, Y EXPOSICION A, ANALGESICOS, ANTIPIRETICOS Y ANTIRREUMATICOS
X41;ENVENENAMIENTO ACCIDENTAL POR, Y EXPOSICION A DROGAS ANTIEPILEPTICAS, SEDANTES, HIPNOTICAS,, ANTIPARINSONIANAS Y PSICOTROPICAS, NO
X42;ENVENENAMIENTO ACCIDENTAL POR, Y EXPOSICION A, NARCOTICOS Y PSICODISLEPTICOS [ALUCINOGENOS] NO CLASIFICADOS EN OTRA PARTE
X43;ENVENENAMIENTO ACCIDENTAL POR, Y EXPOSICION A, OTRAS DROGAS QUE ACTUAN SOBRE EL SISTEMA
X44;ENVENENAMIENTO ACCIDENTAL POR, Y EXPOSICION A OTRAS DROGAS, MEDICAMENTOS Y SUSTANCIAS, BIOLOGICAS Y LOS NO ESPECIFICADOS
X45;ENVENENAMIENTO ACCIDENTAL POR, Y EXPOSICION A, ALCOHOL
X46;ENVENENAMIENTO ACCIDENTAL POR, Y EXPOSICION A, DISOLVENTES ORGANICOS E HIDROCARBUROS
X47;ENVENENAMIENTO ACCIDENTAL POR, Y EXPOSICION A, OTROS GASES Y VAPORES
X48;ENVENENAMIENTO ACCIDENTAL POR, Y EXPOSICION A
X49;ENVENENAMIENTO ACCIDENTAL POR, Y EXPOSICION A OTROS PRODUCTOS QUIMICOS Y SUSTANCIAS
X50;EXCESO DE ESFUERZO Y MOVIMIENTOS EXTENUANTES
X51;VIAJES Y DESPLAZAMIENTOS
X52;PERMANENCIA PROLONGADA EN AMBIENTE SIN, GRAVEDAD
X53;PRIVACION DE ALIMENTOS
X54;PRIVACION DE AGUA
X57;PRIVACION NO ESPECIFICADA
X58;EXPOSICION A OTROS FACTORES ESPECIFICADOS
X59;EXPOSICION A FACTORES NO ESPECIFICADOS
X60;ENVENENAMIENTO AUTOINFLINGIDO, INTENCIONALMENTE POR, Y EXPOSICION A
X61;ENVENENAMIENTO AUTOINFLINGIDO INTENCIONALMENTE POR, Y EXPOSICION A DROGAS, ANTIEPILEPTICAS, SEDANTES, HIPNOTICAS,
X62;ENVENENAMIENTO AUTOINFLINGIDO, INTENCIONALMENTE POR, Y EXPOSICION A NARCOTICOS Y PSICODISLEPTICOS [ALUCINOGENOS]
X63;ENVENENAMIENTO AUTOINFLINGIDO, INTENCIONALMENTE POR, Y EXPOSICION A OTRAS DROGAS QUE ACTUAN SOBRE EL SISTEMA NERVIOSO
X64;ENVENENAMIENTO AUTOINFLINGIDO, INTENCIONALMENTE POR, Y EXPOSICION A OTRAS DROGAS, MEDICAMENTOS Y SUSTANCIAS BIOLOGICAS
X65;ENVENENAMIENTO AUTOINFLINGIDO INTENCIONALM, POR, Y EXPOSICION A ALCOHOL
X66;ENVENENAMIENTO AUTOINFLINGIDO, INTENCIONALMENTE POR, Y EXPOSICION A DISOLVENTES ORGANICOS E HIDROCARBUROS
X67;ENVENENAMIENTO AUTOINFLINGIDO, INTENCIONALMENTE POR, Y EXPOSICION A OTROS
X68;ENVENENAMIENTO AUTOINFLINGIDO, INTENCIONALMENTE POR, Y EXPOSICION A
X69;ENVENENAMIENTO AUTOINFLINGIDO INTENCIONALMENTE POR, Y EXPOSICION A OTROS, PRODUCTOS QUIMICOS Y SUSTANCIAS NOCIVAS Y LOS
X70;LESION AUTOINFLINGIDA INTENCIONALMENTE POR, AHORCAMIENTO, ESTRANGULAMIENTO O SOFOCACION
X71;LESION AUTOINFLINGIDA INTENCIONALMENTE POR, AHOGAMIENTO Y SUMERSION
X72;LESIONION AUTOINFLINGIDA INTENCIONALMENTE POR, DISPARO DE ARMA CORTA
X73;LESION AUTOINFLINGIDA INTENCIONALMENTE POR, DISPARO DE RIFLE, ESCOPETA Y ARMA LARGA
X74;LESION AUTOINFLINGIDA INTENCIONALMENTE POR, DISPARO DE OTRAS ARMAS DE FUEGO, Y LAS NO
X75;LESION AUTOINFLINGIDA INTENCIONALMENTE POR
X76;LESION AUTOINFLINGIDA INTENCIONALMENTE POR, HUMO, FUEGO Y LLAMAS
X77;LESION AUTOINFLINGIDA INTENCIONALMENTE POR, VAPOR DE AGUA, VAPORES Y OBJETOS CALIENTES
X78;LESION AUTOINFLINGIDA INTENCIONALMENTE POR
X79;LESION AUTOINFLINGIDA INTENCIONALMENTE POR, OBJETO ROMO O SIN FILO
X80;LESION AUTOINFLINGIDA INTENCIONALMENTE AL, SALTAR DESDE UN LUGAR ELEVADO
X81;LESION AUTOINFLINGIDA INTENCIONALMENTE POR, ARROJARSE O COLOCARSE DELANTE DE OBJETO EN
X82;LESION AUTOINFLINGIDA INTENCIONALMENTE POR, COLISION DE VEHICULO DE MOTOR
X83;LESION AUTOINFLINGIDA INTENCIONALMENTE POR, OTROS MEDIOS ESPECIFICADOS
X84;LESION AUTOINFLINGIDA INTENCIONALMENTE POR, MEDIOS NO ESPECIFICADOS
X85;AGRESION CON DROGAS, MEDICAMENTOS Y
X86;AGRESION CON SUSTANCIA CORROSIVA
X87;AGRESION CON PLAGUICIDAS
X88;AGRESION CON GASES Y VAPORES
X89;AGRESION CON OTROS PRODUCTOS QUIMICOS Y, SUSTANCIAS NOCIVAS ESPECIFICADAS
X90;AGRESION CON PRODUCTOS QUIMICOS Y SUSTANCIAS, NOCIVAS NO ESPECIFICADOS
X91;AGRESION POR AHORCAMIENTO, ESTRANGULAMIENTO
X92;AGRESION POR AHOGAMIENTO Y SUMERSION
X93;AGRESION CON DISPARO DE ARMA CORTA
X94;AGRESION CON DISPARO DE RIFLE, ESCOPETA Y ARMA, LARGA
X95;AGRESION CON DISPARO DE OTRAS ARMAS FUEGO Y, LAS NO ESPECIFICADAS
X96;AGRESION CON MATERIAL EXPLOSIVO
X97;AGRESION CON HUMO, FUEGO Y LLAMAS
X98;AGRESION CON VAPOR Y OBJETOS CALIENTES
X99;AGRESION CON OBJETO CORTANTE
Y00;AGRESION CON OBJETO ROMO O SIN FILO
Y01;AGRESION POR EMPUJON DESDE LUGAR ELEVADO
Y02;AGRESION EMPUJ O COLOC DELANT OBJETO MOVIMIE
Y03;AGRESION POR COLISION VEHICULO DE MOTOR
Y04;AGRESION CON FUERZA CORPORAL
Y05;AGRESION SEXUAL CON FUERZA CORPORAL
Y06;NEGLIGENCIA Y ABANDONO
Y07;OTROS SINDROMES DE MALTRATO
Y08;AGRESION POR OTROS MEDIOS ESPECIFICADOS
Y09;AGRESION POR MEDIOS NO ESPECIFICADOS
Y10;ENVENENAMIENTO POR, Y EXPOSICION A, ANALGESICOS, ANTIPIRETICOS Y ANTIRREUMATICOS,
Y11;ENVENENAMIENTO POR, Y EXPOSICION A DROGAS ANTIEPILEPTICAS, SEDANTES, HIPNOTICAS NO, CLASIFICADAS EN OTRA PARTE, DE INTENCION NO
Y12;ENVENENAMIENTO POR, Y EXPOSICION A NARCOTICOS Y PSICODISLEPTICOS [ALUCINOGENOS], NO, CLASIFICADAS EN OTRA PARTE, DE INTENCION NO
Y13;ENVENENAMIENTO POR, Y EXPOSICION A OTRAS, DROGAS QUE ACTUAN SOBRE EL SISTEMA NERVIOSO
Y14;ENVENENAMIENTO POR, Y EXPOSICION A OTRAS DROGAS, MEDICAMENTOS Y SUSTANCIAS BIOLOGICAS,, Y LAS NO ESPECIFICADAS, DE INTENCION NO
Y15;ENVENENAMIENTO POR, Y EXPOSICION AL ALCOHOL, INTENCION NO DETERMINADA
Y16;ENVENENAMIENTO POR, Y EXPOSICION A DISOLVENTES ORGANICOS E HIDROCARBUROS HALOGENADOS Y SUS, VAPORES, DE INTENCION NO DETERMINADA
Y17;ENVENENAMIENTO POR, Y EXPOSICION A OTROS, GASES Y VAPORES, DE INTENCION NO DETERMINADA
Y18;ENVENENAMIENTO POR, Y EXPOSICION A PLAGUICIDAS, DE INTENCION NO DETERMINADA
Y19;ENVENENAMIENTO POR, Y EXPOSICION A OTROS PRODUCTOS QUIMICOS Y SUSTANCIAS NOCIVAS, Y LOS, NO ESPECIFICADOS, DE INTENCION NO DETERMINADA
Y20;AHORCAMIENTO, ESTRANGULAMIENTO Y SOFOCACION,, DE INTENCION NO DETERMINADA
Y21;AHOGAMIENTO Y SUMERSION DE INTENCION NO, DETERMINADA
Y22;DISPARO DE ARMA CORTA DE INTENCION NO, DETERMINADA
Y23;DISPARO DE RIFLE, ESCOPETA Y ARMA LARGA, DE, INTENCION NO DETERMINADA
Y24;DISPARO DE OTRAS ARMAS DE FUEGO Y LAS NO, ESPECIFICADAS, DE INTENCION NO DETERMINADA
Y25;CONTACTO TRAUMATICO CON MATERIAL EXPLOSIVO,, DE INTENCION NO DETERMINADA
Y26;EXPOSICION A HUMO, FUEGO Y LLAMAS, DE INTENCION, NO DETERMINADA
Y27;CONTACTO CON VAPOR DE AGUA, VAPORES Y, OBJETOS CALIENTES, DE INTENCION NO DETERMINADA
Y28;CONTACTO TRAUMATICO CON OBJETO CORTANTE, DE, INTENCION NO DETERMINADA
Y29;CONTACTO TRAUMATICO CON OBJETO ROMO SIN FILO,, DE INTENCION NO DETERMINADA
Y30;CAIDA, SALTO O EMPUJON DESDE LUGAR ELEVADO, DE, INTENCION NO DETERMINADA
Y31;CAIDA, PERMANENCIA O CARRERA DELANTE O HACIA, OBJETO EN MOVIMIENTO, DE INTENCION NO
Y32;COLISION DE VEHICULO DE MOTOR DE INTENCION NO
Y33;OTROS EVENTOS ESPECIFICADOS DE INTENCION NO
Y34;EVENTO NO ESPECIFICADO DE INTENCION NO, DETERMINADA
Y35;INTERVENCION LEGAL
Y36;OPERACIONES DE GUERRA
Y40;EFECTOS ADVERSOS DE ANTIBIOTICOS SISTEMICOS
Y41;EFECTOS ADVERSOS DE OTROS ANTIINFECCIOSOS Y
Y42;EFECTOS ADVERSOS DE HORMONAS SUSTITUTOS
Y43;EFECTOS ADVERSOS DE AGENTES SISTEMICOS, PRIMARIOS
Y44;EFECTOS ADVERSOS DE AGENT ES QUE AFECTAN, PRIMARIAMENTE LOS CONSTITUYENTES DE LA SANGRE
Y45;EFECTOS ADVERSOS DE DROGAS ANALGESICAS,
Y46;EFECTOS ADVERSOS DE DROGAS ANTIEPILEPTICAS Y
Y47;EFECTOS ADVERSOS DE DROGAS SEDANTES,
Y48;EFECTOS ADVERSOS DE GASES ANESTESICOS Y, TERAPEUTICOS
Y49;EFECTOS ADVERSOS DE DROGAS PSICOTROPICAS NO
Y50;EFECTOS ADVERSOS DE ESTIMULANTES DEL SISTEMA
Y51;EFECTOS ADVERSOS DE DROGAS QUE AFECTAN
Y52;EFECTOS ADVERSOS DE AGENTES QUE AFECTAN EL, SISTEMA CARDIOVASCULAR
Y53;EFECTOS ADVERSOS DE AGENTES QUE AFECTAN, PRIMARIAMENTE EL SISTEMA GASTROINTESTINAL
Y54;EFECTOS ADVERSOS DE AGENTES QUE AFECTAN
Y55;EFECTOS ADVERSOS DE AGENTES TOPICOS QUE
Y56;EFECTOS ADVERSOS DE AGENTES TOPICOS QUE, AFECTAN PRIMARIAMENTE LA PIEL Y LAS MEMBRANAS
Y57;EFECTOS ADVERSOS DE OTRAS DROGAS Y
Y58;EFECTOS ADVERSOS DE VACUNAS BACTERIANAS
Y59;EFECTOS ADVERSOS DE OTRAS VACUNAS Y
Y60;CORTE, PUNCION, PERFORACION O HEMORRAGIA NO
Y61;OBJETO EXTRAÑO DEJADO ACCIDENTALMENTE EN EL, CUERPO DURANTE LA ATENCION MEDICA Y
Y62;FALLAS EN LA ESTERILIZACION DURANTE LA ATENCION
Y63;FALLA EN DOSIFICACION DURANTE LA ATENCION, MEDICA Y QUIRURGICA
Y64;MEDICAMENTOS Y SUSTANCIAS BIOLOGICAS, CONTAMINADOS
Y65;OTROS INCIDENTES DURANTE LA ATENCION MEDICA Y
Y66;NO ADMINISTRACION DE LA ATENCION MEDICA Y QUIRURGICA
Y69;INCIDENTES NO ESPECIFICADOS DURANTE LA, ATENCION MEDICA Y QUIRURGICA
Y70;DISPOSITIVOS DE ANESTESIOLOGIA, ASOCIADOS CON, INCIDENTES ADVERSOS
Y71;DISPOSITIVOS CARDIOVASCULARES, ASOCIADOS CON, INCIDENTES ADVERSOS
Y72;DISPOSITIVOS OTORRINOLARINGOLOGICOS, ASOCIADOS CON INCIDENTES ADVERSOS
Y73;DISPOSITIVOS DE GASTROENTEROLOGIA Y UROLOGIA, ASOCIADOS CON INCIDENTES ADVERSOS
Y74;DISPOSITIVOS PARA USO HOSPITALARIO GENERAL Y PERSONAL, ASOCIADOS CON INCIDENTES ADVERSOS
Y75;DISPOSITIVOS OS NEUROLOGICOS ASOCIADOS CON INCIDENTES ADVERSOS
Y76;DISPOSITIVOS GINECOLOGICOS Y OBSTETRICOS, ASOCIADOS CON INCIDENTES ADVERSOS
Y77;DISPOSITIVOS OFTALMICOS, ASOCIADOS CON, INCIDENTES ADVERSOS
Y78;APARATOS RADIOLOGICOS, ASOCIADOS CON, INCIDENTES ADVERSOS
Y79;DISPOSITIVOS ORTOPEDICOS, ASOCIADOS CON, INCIDENTES ADVERSOS
Y80;APARATOS DE MEDICINA FISICA, ASOCIADOS CON, INCIDENTES ADVERSOS
Y81;DISPOSITIVOS DE CIRUGIA GENERAL Y PLASTICA, ASOCIADOS CON INCIDENTES ADVERSOS
Y82;OTROS DISPOSITIVOS MEDICOS Y LOS NO, ESPECIFICADOS, ASOCIADOS CON INCIDENTES
Y83;CIRUGIA Y OTROS PROCEDIMIENTOS QUIRURGICOS,
Y84;OTROS PROCEDIMIENTOS MEDICOS, COMO LA CAUSA
Y85;SECUELAS DE ACCIDENTE DE TRANSPORTE
Y86;SECUELAS DE OTROS ACCIDENTES
Y87;SECUELAS DE LESIONES AUTOINFLIGIDAS
Y88;SECUELAS CON ATENCION MEDICA Y QUIRURGICA, COMO CAUSA EXTERNA
Y89;SECUELAS DE OTRAS CAUSAS EXTERNAS
Y90;EVIDENCIA ALCOHOLISMO DETERMINADA POR EL NIVEL
Y91;EVIDENCIA DE ALCOHOLISMO DETERMINADA POR EL
Y95;AFECCION NOSOCOMIAL
Y96;AFECCION RELACIONADA CON EL TRABAJO
Y97;AFECCION RELACIONADA CON LA CONTAMINACION, AMBIENTAL
Y98;AFECCION RELACIONADA CON EL ESTILO DE VIDA
Z00;EXAMEN GENERAL E INVESTIGACION DE PERSONAS SIN
Z01;OTROS EXAMENES ESPECIALES PERSONAS SIN
Z02;EXAMENES Y CONTACTOS FINES ADMINISTRATIVOS
Z03;OBSERVACION Y EVALUACION MEDICAS POR
Z04;EXAMEN Y OBSERVACION POR OTRAS RAZONES
Z08;EXAMEN DE SEGUIMIENTO CONSECUTIVO A
Z09;EXAMEN DE SEGUIMIENTO CONSECUTIVO A
Z10;CONTROL GENERAL DE SALUD DE RUTINA DE
Z11;EXAMEN DE PESQUISA ESPECIAL PARA, ENFERMEDADES INFECCIOSAS Y PARASITARIAS
Z12;EXAMEN DE PESQUISA ESPECIAL PARA TUMORES
Z13;EXAMEN DE PESQUISA ESPECIAL PARA OTRAS ENFERMEDADES Y TRASTORNOS
Z20;CONTACTO CON Y EXPOSICION A ENFERMEDADES
Z21;ESTADO DE INFECCION ASINTOMATICA POR EL VIRUS, DE LA INMUNODEFICIENCIA HUMANA [ VIH ]
Z22;PORTADOR DE ENFERMEDAD INFECCIOSA
Z23;NECESIDAD DE INMUNIZACION CONTRA ENFERMEDAD
Z24;NECESIDAD DE INMUNIZACION CONTRA CIERTAS
Z25;NECESIDAD DE INMUNIZACION CONTRA OTRAS
Z26;NECESIDAD DE INMUNIZACION CONTRA OTRAS
Z27;NECESIDAD DE INMUNIZACION CONTRA COMBINACION, DE ENFERMEDADES INFECCIOSAS
Z28;INMUNIZACION NO REALIZADA
Z29;NECESIDAD DE OTRAS MEDIDAS PROFILACTICAS
Z30;ATENCION PARA LA ANTICONCEPCION
Z31;ATENCION PARA LA PROCREACION
Z32;EXAMEN Y PRUEBA DEL EMBARAZO
Z33;ESTADO DE EMBARAZO INCIDENTAL
Z34;SUPERVISION DE EMBARAZO NORMAL
Z35;SUPERVISION DE EMBARAZO DE ALTO RIESGO
Z36;PESQUISAS PRENATALES
Z37;PRODUCTO DEL PARTO
Z38;NACIDOS VIVOS SEGUN LUGAR DE NACIMIENTO
Z39;EXAMEN Y ATENCION DEL POSTPARTO
Z40;CIRUGIA PROFILACTICA
Z41;PROCEDIMIENTOS PARA OTROS PROPOSITOS QUE NO
Z42;CUIDADOS POSTERIORES A CIRUGIA PLASTICA
Z43;ATENCION DE ORIFICIOS ARTIFICIALES
Z44;PRUEBA Y AJUSTE DE DISPOSITIVOS PROTESICOS, EXTERNOS
Z45;ASISTENCIA Y AJUSTE DE DISPOSITIVOS IMPLANTADOS
Z46;PRUEBA Y AJUSTE DE OTROS DISPOSITIVOS
Z47;OTROS CUIDADOS POSTERIORES A LA ORTOPEDIA
Z48;OTROS CUIDADOS POSTERIORES A LA CIRUGIA
Z49;CUIDADOS RELATIVOS AL PROCEDIMIENTO DE DIALISIS
Z50;ATENCION POR EL USO DE PROCEDIMIENTOS DE, REHABILITACION
Z51;OTRA ATENCION MEDICA
Z52;DONANTES DE ORGANOS Y TEJIDOS
Z53;PERSONA EN CONTACTO CON LOS SERVICIOS DE
Z54;CONVALECENCIA
Z55;PROBLEMAS RELACIONADOS CON LA EDUCACION Y LA, ALFABETIZACION
Z56;PROBLEMAS RELACIONADOS CON EL EMPLEO Y EL, DESEMPLEO
Z57;EXPOSICION A FACTORES DE RIESGO OCUPACIONAL
Z58;PROBLEMAS RELACIONADOS CON EL AMBIENTE FISICO
Z59;PROBLEMAS RELACIONADOS CON LA VIVIENDA Y LAS
Z60;PROBLEMAS RELACIONADOS CON EL AMBIENTE SOCIAL
Z61;PROBLEMAS RELACIONADOS CON HECHOS NEGATIVOS, EN LA NINEZ
Z62;OTROS PROBLEMAS RELACIONADOS CON LA CRIANZA, DEL NINO
Z63;PROBLEMAS RELACIONADOS CON EL GRUPO PRIMARIO
Z64;PROBLEMAS RELACIONADOS CON CIERTAS
Z65;PROBLEMAS RELACIONADOS CON OTRAS, CIRCUNSTANCIAS PSICOSOCIALES
Z70;CONSULTA RELACIONADA CON ACTITUD, CONDUCTA U
Z71;PERSONA EN CONTACTO CON LOS SERVICIOS DE
Z72;PROBLEMAS RELACIONADOS CON EL ESTILO DE VIDA
Z73;PROBLEMAS RELACIONADOS CON DIFICULTADES CON
Z74;PROBLEMAS RELACIONADOS CON DEPENDENCIA DEL
Z75;PROBLEMAS RELACIONADOS CON FACILIDADES DE, ATENCION MEDICA U OTROS SERVICIOS DE SALUD
Z76;PERSONA EN CONTACTO CON LOS SERVICIOS DE
Z80;HISTORIA FAMILIAR DE CANCER
Z81;HISTORIA FAMILIAR DE TRASTORNOS MENTALES Y DE
Z82;HISTORIA FAMILIAR DE CIERTAS DISCAPACIDADES Y, ENFERMEDADES CRONICAS INCAPACITANTES
Z83;HISTORIA FAMILIAR DE OTROS TRASTORNOS, ESPECIFICOS
Z84;HISTORIA FAMILIAR DE OTRAS AFECCIONES
Z85;HISTORIA PERSONAL DE CANCER
Z86;HISTORIA PERSONAL DE ALGUNAS OTRAS, ENFERMEDADES
Z87;HISTORIA PERSONAL DE OTRAS ENFERMEDADES Y, AFECCIONES
Z88;HISTORIA PERSONAL DE ALERGIA A DROGAS,
Z89;AUSENCIA ADQUIRIDA DE MIEMBROS
Z90;AUSENCIA ADQUIRIDA DE ORGANOS NO CLASIFICADAS
Z91;HISTORIA PERSONAL DE FACTORES DE RIESGO NO, CLASIFICADAS EN OTRA PARTE
Z92;HISTORIA PERSONAL DE TRATAMIENTO MEDICO
Z93;ABERTURAS ARTIFICIALES
Z94;ORGANOS Y TEJIDOS TRASPLANTADOS
Z95;PRESENCIA DE INPLANTE E INJERTOS, CARDIOVASCULARES
Z96;PRESENCIA DE OTROS IMPLANTES FUNCIONALES
Z97;PRESENCIA DE OTROS DISPOSITIVOS
Z98;OTROS ESTADOS POSTQUIRURGICOS
Z99;DEPENDENCIA DE MAQUINAS Y DISPOSITIVOS